,,,0.0,-1.0240000,
,,,2.0000001E-3,-1.0240000,
,,,4.00000019E-3,-1.0240000,
,,,6.00000005E-3,-1.0240000,
,,,8.000000380E-3,-1.0240000,
,,,10.0000007E-3,-1.0240000,
,,,12.0000001E-3,-1.0240000,
,,,14.0000004E-3,-1.0240000,
,,,16.0000008E-3,-1.0240000,
,,,18.0000011E-3,-1.0240000,
,,,20.0000014E-3,-1.0240000,
,,,22.00000174E-3,-1.0240000,
,,,24.00000021E-3,-1.0240000,
,,,26.00000054E-3,-1.0240000,
,,,28.00000086E-3,-1.0240000,
,,,30.00000119E-3,-1.0240000,
,,,32.00000152E-3,-1.0240000,
,,,34.00000185E-3,-1.0240000,
,,,36.00000218E-3,-1.0240000,
,,,38.00000250E-3,-1.0240000,
,,,40.00000283E-3,-1.0240000,
,,,42.00000316E-3,-1.0240000,
,,,44.00000349E-3,-1.0240000,
,,,46.00000381E-3,-1.0240000,
,,,48.00000042E-3,-1.0240000,
,,,50.00000075E-3,-1.0240000,
,,,52.00000107E-3,-1.0240000,
,,,54.00000140E-3,-1.0240000,
,,,56.000001729E-3,-1.0240000,
,,,58.000002056E-3,-1.0240000,
,,,60.000002384E-3,-1.0240000,
,,,62.000002712E-3,-1.0240000,
,,,64.000003040E-3,-1.0240000,
,,,65.999999642E-3,-1.0240000,
,,,68.000003695E-3,-1.0240000,
,,,70.000000298E-3,-1.0240000,
,,,72.000004351E-3,-1.0240000,
,,,74.000000954E-3,-1.0240000,
,,,76.000005007E-3,-1.0240000,
,,,78.000001609E-3,-1.0240000,
,,,80.000005662E-3,-1.0240000,
,,,82.000002265E-3,-1.0240000,
,,,84.000006318E-3,-1.0240000,
,,,86.000002921E-3,-1.0240000,
,,,88.000006974E-3,-1.0240000,
,,,90.000003576E-3,-1.0240000,
,,,92.000007629E-3,-1.0240000,
,,,94.000004232E-3,-1.0240000,
,,,96.000000834E-3,-1.0240000,
,,,98.000004888E-3,-1.0240000,
,,,100.0000015E-3,-1.0240000,
,,,102.0000055E-3,-1.0240000,
,,,104.0000021E-3,-1.0240000,
,,,106.0000062E-3,-1.0240000,
,,,108.0000028E-3,-1.0240000,
,,,110.0000069E-3,-1.0240000,
,,,112.0000035E-3,-1.0240000,
,,,114.0000075E-3,-1.0240000,
,,,116.0000041E-3,-1.0240000,
,,,118.0000082E-3,-1.0240000,
,,,120.0000048E-3,-1.0240000,
,,,122.0000088E-3,-1.0240000,
,,,124.0000054E-3,-1.0240000,
,,,126.0000020E-3,-1.0240000,
,,,128.0000061E-3,-1.0240000,
,,,130.0000101E-3,-1.0240000,
,,,131.9999993E-3,-1.0240000,
,,,134.0000033E-3,-1.0240000,
,,,136.0000074E-3,-1.0240000,
,,,138.0000114E-3,-1.0240000,
,,,140.0000006E-3,-1.0240000,
,,,142.0000046E-3,-1.0240000,
,,,144.0000087E-3,-1.0240000,
,,,146.0000128E-3,-1.0240000,
,,,148.0000019E-3,-1.0240000,
,,,150.00000596E-3,-1.0240000,
,,,152.00001001E-3,-1.0240000,
,,,154.00001407E-3,-1.0240000,
,,,156.00000322E-3,-1.0240000,
,,,158.00000727E-3,-1.0240000,
,,,160.00001132E-3,-1.0240000,
,,,162.00000048E-3,-1.0240000,
,,,164.00000453E-3,-1.0240000,
,,,166.00000858E-3,-1.0240000,
,,,168.00001264E-3,-1.0240000,
,,,170.00000179E-3,-1.0240000,
,,,172.00000584E-3,-1.0240000,
,,,174.00000989E-3,-1.0240000,
,,,176.00001395E-3,-1.0240000,
,,,178.00000310E-3,-1.0240000,
,,,180.00000715E-3,-1.0240000,
,,,182.00001121E-3,-1.0240000,
,,,184.00001526E-3,-1.0240000,
,,,186.00000441E-3,-1.0240000,
,,,188.00000846E-3,-1.0240000,
,,,190.00001252E-3,-1.0240000,
,,,192.00000167E-3,-1.0240000,
,,,194.00000572E-3,-1.0240000,
,,,196.00000978E-3,-1.0240000,
,,,198.00001383E-3,-1.0240000,
,,,200.00000298E-3,-1.0240000,
,,,202.00000703E-3,-1.0240000,
,,,204.00001109E-3,-1.0240000,
,,,206.00001514E-3,-1.0240000,
,,,208.00000429E-3,-1.0240000,
,,,210.00000834E-3,-1.0240000,
,,,212.00001240E-3,-1.0240000,
,,,214.00001645E-3,-1.0240000,
,,,216.00000560E-3,-1.0240000,
,,,218.00000966E-3,-1.0240000,
,,,220.00001371E-3,-1.0240000,
,,,222.00001776E-3,-1.0240000,
,,,224.00000691E-3,-1.0240000,
,,,226.00001097E-3,-1.0240000,
,,,228.00001502E-3,-1.0240000,
,,,230.00000417E-3,-1.0240000,
,,,232.00000823E-3,-1.0240000,
,,,234.00001228E-3,-1.0240000,
,,,236.00001633E-3,-1.0240000,
,,,238.00000548E-3,-1.0240000,
,,,240.00000954E-3,-1.0240000,
,,,242.00001359E-3,-1.0240000,
,,,244.00001764E-3,-1.0240000,
,,,246.00000679E-3,-1.0240000,
,,,248.00001085E-3,-1.0240000,
,,,250.00000000E-3,-64.000003040E-3,
,,,252.00000405E-3,-64.000003040E-3,
,,,254.00000811E-3,-8.000000380E-3,
,,,256.00001216E-3,72.000004351E-3,
,,,258.00001621E-3,128.0000061E-3,
,,,260.00002027E-3,120.0000048E-3,
,,,262.00002432E-3,48.00000042E-3,
,,,263.99999857E-3,-8.000000380E-3,
,,,266.00000262E-3,-88.000006974E-3,
,,,268.00000668E-3,-80.000005662E-3,
,,,270.00001073E-3,-40.00000283E-3,
,,,272.00001478E-3,48.00000042E-3,
,,,274.00001884E-3,104.0000021E-3,
,,,276.00002289E-3,120.0000048E-3,
,,,278.00002694E-3,72.000004351E-3,
,,,280.00000119E-3,8.000000380E-3,
,,,282.00000525E-3,-56.000001729E-3,
,,,284.00000930E-3,-104.0000021E-3,
,,,286.00001335E-3,-72.000004351E-3,
,,,288.00001740E-3,-8.000000380E-3,
,,,290.00002146E-3,80.000005662E-3,
,,,292.00002551E-3,104.0000021E-3,
,,,293.99999976E-3,96.000000834E-3,
,,,296.00000381E-3,32.00000152E-3,
,,,298.00000787E-3,-56.000001729E-3,
,,,300.00001192E-3,-96.000000834E-3,
,,,302.00001597E-3,-72.000004351E-3,
,,,304.00002003E-3,-32.00000152E-3,
,,,306.00002408E-3,48.00000042E-3,
,,,308.00002813E-3,96.000000834E-3,
,,,310.00000238E-3,88.000006974E-3,
,,,312.00000644E-3,32.00000152E-3,
,,,314.00001049E-3,-48.00000042E-3,
,,,316.00001454E-3,-96.000000834E-3,
,,,318.00001860E-3,-104.0000021E-3,
,,,320.00002265E-3,-48.00000042E-3,
,,,322.00002670E-3,40.00000283E-3,
,,,324.00000095E-3,96.000000834E-3,
,,,326.00000501E-3,96.000000834E-3,
,,,328.00000906E-3,48.00000042E-3,
,,,330.00001311E-3,-8.000000380E-3,
,,,332.00001717E-3,-72.000004351E-3,
,,,334.00002122E-3,-104.0000021E-3,
,,,336.00002527E-3,-64.000003040E-3,
,,,338.00002933E-3,8.000000380E-3,
,,,340.00000358E-3,88.000006974E-3,
,,,342.00000763E-3,112.0000035E-3,
,,,344.00001168E-3,80.000005662E-3,
,,,346.00001574E-3,0.0,
,,,348.00001979E-3,-72.000004351E-3,
,,,350.00002384E-3,-96.000000834E-3,
,,,352.00002789E-3,-72.000004351E-3,
,,,354.00000215E-3,-32.00000152E-3,
,,,356.00000620E-3,64.000003040E-3,
,,,358.00001025E-3,112.0000035E-3,
,,,360.00001431E-3,104.0000021E-3,
,,,362.00001836E-3,48.00000042E-3,
,,,364.00002241E-3,-48.00000042E-3,
,,,366.00002646E-3,-96.000000834E-3,
,,,368.00003052E-3,-88.000006974E-3,
,,,370.00000477E-3,-32.00000152E-3,
,,,372.00000882E-3,40.00000283E-3,
,,,374.00001287E-3,112.0000035E-3,
,,,376.00001693E-3,112.0000035E-3,
,,,378.00002098E-3,72.000004351E-3,
,,,380.00002503E-3,-8.000000380E-3,
,,,382.00002909E-3,-88.000006974E-3,
,,,384.00000334E-3,-88.000006974E-3,
,,,386.00000739E-3,-56.000001729E-3,
,,,388.00001144E-3,24.00000021E-3,
,,,390.00001550E-3,96.000000834E-3,
,,,392.00001955E-3,112.0000035E-3,
,,,394.00002360E-3,88.000006974E-3,
,,,396.00002766E-3,24.00000021E-3,
,,,398.00003171E-3,-72.000004351E-3,
,,,400.00000596E-3,-96.000000834E-3,
,,,402.00001001E-3,-72.000004351E-3,
,,,404.000014067E-3,-16.0000008E-3,
,,,406.000018120E-3,80.000005662E-3,
,,,408.000022173E-3,112.0000035E-3,
,,,410.000026226E-3,88.000006974E-3,
,,,412.000030279E-3,48.00000042E-3,
,,,414.000034332E-3,-40.00000283E-3,
,,,416.000008583E-3,-88.000006974E-3,
,,,418.000012636E-3,-104.0000021E-3,
,,,420.000016689E-3,-40.00000283E-3,
,,,422.000020742E-3,56.000001729E-3,
,,,424.000024796E-3,112.0000035E-3,
,,,426.000028849E-3,120.0000048E-3,
,,,428.000032902E-3,64.000003040E-3,
,,,430.000007153E-3,-24.00000021E-3,
,,,432.000011206E-3,-96.000000834E-3,
,,,434.000015259E-3,-104.0000021E-3,
,,,436.000019312E-3,-64.000003040E-3,
,,,438.000023365E-3,16.0000008E-3,
,,,440.000027418E-3,88.000006974E-3,
,,,442.000031471E-3,112.0000035E-3,
,,,444.000035524E-3,80.000005662E-3,
,,,446.000009775E-3,-16.0000008E-3,
,,,448.000013828E-3,-80.000005662E-3,
,,,450.000017881E-3,-120.0000048E-3,
,,,452.000021935E-3,-88.000006974E-3,
,,,454.000025988E-3,-8.000000380E-3,
,,,456.000030041E-3,56.000001729E-3,
,,,458.000034094E-3,96.000000834E-3,
,,,460.000008345E-3,88.000006974E-3,
,,,462.000012398E-3,16.0000008E-3,
,,,464.000016451E-3,-88.000006974E-3,
,,,466.000020504E-3,-112.0000035E-3,
,,,468.000024557E-3,-112.0000035E-3,
,,,470.000028610E-3,-48.00000042E-3,
,,,472.000032663E-3,32.00000152E-3,
,,,474.000036716E-3,88.000006974E-3,
,,,476.000010967E-3,80.000005662E-3,
,,,478.000015020E-3,24.00000021E-3,
,,,480.000019073E-3,-40.00000283E-3,
,,,482.000023127E-3,-112.0000035E-3,
,,,484.000027180E-3,-128.0000061E-3,
,,,486.000031233E-3,-72.000004351E-3,
,,,488.000035286E-3,16.0000008E-3,
,,,490.000009537E-3,72.000004351E-3,
,,,492.000013590E-3,96.000000834E-3,
,,,494.000017643E-3,48.00000042E-3,
,,,496.000021696E-3,-16.0000008E-3,
,,,498.000025749E-3,-96.000000834E-3,
,,,500.000000000E-3,-128.0000061E-3,
,,,502.000033855E-3,-104.0000021E-3,
,,,504.000008106E-3,-16.0000008E-3,
,,,506.000041962E-3,72.000004351E-3,
,,,508.000016212E-3,96.000000834E-3,
,,,510.000050068E-3,88.000006974E-3,
,,,512.000024319E-3,16.0000008E-3,
,,,513.999998569E-3,-72.000004351E-3,
,,,516.000032425E-3,-120.0000048E-3,
,,,518.000006676E-3,-96.000000834E-3,
,,,520.000040531E-3,-40.00000283E-3,
,,,522.000014782E-3,40.00000283E-3,
,,,524.000048637E-3,96.000000834E-3,
,,,526.000022888E-3,96.000000834E-3,
,,,527.999997139E-3,48.00000042E-3,
,,,530.000030994E-3,-40.00000283E-3,
,,,532.000005245E-3,-112.0000035E-3,
,,,534.000039101E-3,-112.0000035E-3,
,,,536.000013351E-3,-56.000001729E-3,
,,,538.000047207E-3,24.00000021E-3,
,,,540.000021458E-3,88.000006974E-3,
,,,542.000055313E-3,104.0000021E-3,
,,,544.000029564E-3,72.000004351E-3,
,,,546.000003815E-3,-8.000000380E-3,
,,,548.000037670E-3,-88.000006974E-3,
,,,550.000011921E-3,-120.0000048E-3,
,,,552.000045776E-3,-88.000006974E-3,
,,,554.000020027E-3,0.0,
,,,556.000053883E-3,72.000004351E-3,
,,,558.000028133E-3,104.0000021E-3,
,,,560.000002384E-3,88.000006974E-3,
,,,562.000036240E-3,8.000000380E-3,
,,,564.000010490E-3,-64.000003040E-3,
,,,566.000044346E-3,-112.0000035E-3,
,,,568.000018597E-3,-96.000000834E-3,
,,,570.000052452E-3,-24.00000021E-3,
,,,572.000026703E-3,64.000003040E-3,
,,,574.000000954E-3,88.000006974E-3,
,,,576.000034809E-3,104.0000021E-3,
,,,578.000009060E-3,32.00000152E-3,
,,,580.000042915E-3,-32.00000152E-3,
,,,582.000017166E-3,-88.000006974E-3,
,,,584.000051022E-3,-96.000000834E-3,
,,,586.000025272E-3,-56.000001729E-3,
,,,587.999999523E-3,32.00000152E-3,
,,,590.000033379E-3,88.000006974E-3,
,,,592.000007629E-3,112.0000035E-3,
,,,594.000041485E-3,56.000001729E-3,
,,,596.000015736E-3,-16.0000008E-3,
,,,598.000049591E-3,-88.000006974E-3,
,,,600.000023842E-3,-112.0000035E-3,
,,,602.000057697E-3,-64.000003040E-3,
,,,604.000031948E-3,-8.000000380E-3,
,,,606.000006199E-3,80.000005662E-3,
,,,608.000040054E-3,112.0000035E-3,
,,,610.000014305E-3,80.000005662E-3,
,,,612.000048161E-3,8.000000380E-3,
,,,614.000022411E-3,-56.000001729E-3,
,,,616.000056267E-3,-112.0000035E-3,
,,,618.000030518E-3,-96.000000834E-3,
,,,620.000004768E-3,-24.00000021E-3,
,,,622.000038624E-3,48.00000042E-3,
,,,624.000012875E-3,104.0000021E-3,
,,,626.000046730E-3,120.0000048E-3,
,,,628.000020981E-3,40.00000283E-3,
,,,630.000054836E-3,-32.00000152E-3,
,,,632.000029087E-3,-96.000000834E-3,
,,,634.000003338E-3,-104.0000021E-3,
,,,636.000037193E-3,-40.00000283E-3,
,,,638.000011444E-3,16.0000008E-3,
,,,640.000045300E-3,104.0000021E-3,
,,,642.000019550E-3,104.0000021E-3,
,,,644.000053406E-3,64.000003040E-3,
,,,646.000027657E-3,-8.000000380E-3,
,,,648.000001907E-3,-96.000000834E-3,
,,,650.000035763E-3,-104.0000021E-3,
,,,652.000010014E-3,-64.000003040E-3,
,,,654.000043869E-3,0.0,
,,,656.000018120E-3,80.000005662E-3,
,,,658.000051975E-3,112.0000035E-3,
,,,660.000026226E-3,64.000003040E-3,
,,,662.000060081E-3,32.00000152E-3,
,,,664.000034332E-3,-64.000003040E-3,
,,,666.000008583E-3,-120.0000048E-3,
,,,668.000042439E-3,-96.000000834E-3,
,,,670.000016689E-3,-32.00000152E-3,
,,,672.000050545E-3,40.00000283E-3,
,,,674.000024796E-3,104.0000021E-3,
,,,676.000058651E-3,104.0000021E-3,
,,,678.000032902E-3,32.00000152E-3,
,,,680.000007153E-3,-40.00000283E-3,
,,,682.000041008E-3,-104.0000021E-3,
,,,684.000015259E-3,-96.000000834E-3,
,,,686.000049114E-3,-72.000004351E-3,
,,,688.000023365E-3,24.00000021E-3,
,,,690.000057220E-3,96.000000834E-3,
,,,692.000031471E-3,112.0000035E-3,
,,,694.000005722E-3,64.000003040E-3,
,,,696.000039577E-3,-16.0000008E-3,
,,,698.000013828E-3,-80.000005662E-3,
,,,700.000047684E-3,-112.0000035E-3,
,,,702.000021935E-3,-72.000004351E-3,
,,,704.000055790E-3,0.0,
,,,706.000030041E-3,80.000005662E-3,
,,,708.000004292E-3,112.0000035E-3,
,,,710.000038147E-3,80.000005662E-3,
,,,712.000012398E-3,24.00000021E-3,
,,,714.000046253E-3,-56.000001729E-3,
,,,716.000020504E-3,-88.000006974E-3,
,,,718.000054359E-3,-80.000005662E-3,
,,,720.000028610E-3,-24.00000021E-3,
,,,722.000062466E-3,48.00000042E-3,
,,,724.000036716E-3,80.000005662E-3,
,,,726.000010967E-3,96.000000834E-3,
,,,728.000044823E-3,48.00000042E-3,
,,,730.000019073E-3,-40.00000283E-3,
,,,732.000052929E-3,-104.0000021E-3,
,,,734.000027180E-3,-104.0000021E-3,
,,,736.000061035E-3,-48.00000042E-3,
,,,738.000035286E-3,32.00000152E-3,
,,,740.000009537E-3,88.000006974E-3,
,,,742.000043392E-3,112.0000035E-3,
,,,744.000017643E-3,56.000001729E-3,
,,,746.000051498E-3,-8.000000380E-3,
,,,748.000025749E-3,-80.000005662E-3,
,,,750.000059605E-3,-104.0000021E-3,
,,,752.000033855E-3,-80.000005662E-3,
,,,754.000008106E-3,0.0,
,,,756.000041962E-3,80.000005662E-3,
,,,758.000016212E-3,104.0000021E-3,
,,,760.000050068E-3,80.000005662E-3,
,,,762.000024319E-3,24.00000021E-3,
,,,764.000058174E-3,-72.000004351E-3,
,,,766.000032425E-3,-88.000006974E-3,
,,,768.000006676E-3,-104.0000021E-3,
,,,770.000040531E-3,-40.00000283E-3,
,,,772.000014782E-3,56.000001729E-3,
,,,774.000048637E-3,88.000006974E-3,
,,,776.000022888E-3,96.000000834E-3,
,,,778.000056744E-3,32.00000152E-3,
,,,780.000030994E-3,-40.00000283E-3,
,,,782.000064850E-3,-104.0000021E-3,
,,,784.000039101E-3,-104.0000021E-3,
,,,786.000013351E-3,-56.000001729E-3,
,,,788.000047207E-3,32.00000152E-3,
,,,790.000021458E-3,96.000000834E-3,
,,,792.000055313E-3,104.0000021E-3,
,,,794.000029564E-3,56.000001729E-3,
,,,796.000063419E-3,-24.00000021E-3,
,,,798.000037670E-3,-96.000000834E-3,
,,,800.000011921E-3,-104.0000021E-3,
,,,802.000045776E-3,-72.000004351E-3,
,,,804.000020027E-3,0.0,
,,,806.000053883E-3,80.000005662E-3,
,,,808.000028133E-3,104.0000021E-3,
,,,810.000061989E-3,88.000006974E-3,
,,,812.000036240E-3,8.000000380E-3,
,,,814.000010490E-3,-80.000005662E-3,
,,,816.000044346E-3,-120.0000048E-3,
,,,818.000018597E-3,-80.000005662E-3,
,,,820.000052452E-3,-16.0000008E-3,
,,,822.000026703E-3,48.00000042E-3,
,,,824.000060558E-3,112.0000035E-3,
,,,826.000034809E-3,96.000000834E-3,
,,,828.000068665E-3,40.00000283E-3,
,,,830.000042915E-3,-48.00000042E-3,
,,,832.000017166E-3,-104.0000021E-3,
,,,834.000051022E-3,-112.0000035E-3,
,,,836.000025272E-3,-32.00000152E-3,
,,,838.000059128E-3,40.00000283E-3,
,,,840.000033379E-3,104.0000021E-3,
,,,842.000067234E-3,104.0000021E-3,
,,,844.000041485E-3,56.000001729E-3,
,,,846.000015736E-3,-32.00000152E-3,
,,,848.000049591E-3,-96.000000834E-3,
,,,850.000023842E-3,-128.0000061E-3,
,,,852.000057697E-3,-72.000004351E-3,
,,,854.000031948E-3,16.0000008E-3,
,,,856.000065804E-3,88.000006974E-3,
,,,858.000040054E-3,112.0000035E-3,
,,,860.000014305E-3,72.000004351E-3,
,,,862.000048161E-3,0.0,
,,,864.000022411E-3,-80.000005662E-3,
,,,866.000056267E-3,-120.0000048E-3,
,,,868.000030518E-3,-96.000000834E-3,
,,,870.000064373E-3,-16.0000008E-3,
,,,872.000038624E-3,64.000003040E-3,
,,,874.000012875E-3,104.0000021E-3,
,,,876.000046730E-3,88.000006974E-3,
,,,878.000020981E-3,32.00000152E-3,
,,,880.000054836E-3,-64.000003040E-3,
,,,882.000029087E-3,-104.0000021E-3,
,,,884.000062943E-3,-120.0000048E-3,
,,,886.000037193E-3,-40.00000283E-3,
,,,888.000071049E-3,32.00000152E-3,
,,,890.000045300E-3,88.000006974E-3,
,,,892.000019550E-3,104.0000021E-3,
,,,894.000053406E-3,56.000001729E-3,
,,,896.000027657E-3,-40.00000283E-3,
,,,898.000061512E-3,-104.0000021E-3,
,,,900.000035763E-3,-128.0000061E-3,
,,,902.000069618E-3,-48.00000042E-3,
,,,904.000043869E-3,0.0,
,,,906.000018120E-3,80.000005662E-3,
,,,908.000051975E-3,112.0000035E-3,
,,,910.000026226E-3,64.000003040E-3,
,,,912.000060081E-3,0.0,
,,,914.000034332E-3,-88.000006974E-3,
,,,916.000068188E-3,-128.0000061E-3,
,,,918.000042439E-3,-96.000000834E-3,
,,,920.000016689E-3,-24.00000021E-3,
,,,922.000050545E-3,72.000004351E-3,
,,,924.000024796E-3,104.0000021E-3,
,,,926.000058651E-3,88.000006974E-3,
,,,928.000032902E-3,24.00000021E-3,
,,,930.000066757E-3,-72.000004351E-3,
,,,932.000041008E-3,-128.0000061E-3,
,,,934.000015259E-3,-120.0000048E-3,
,,,936.000049114E-3,-40.00000283E-3,
,,,938.000023365E-3,40.00000283E-3,
,,,940.000057220E-3,112.0000035E-3,
,,,942.000031471E-3,104.0000021E-3,
,,,944.000065327E-3,40.00000283E-3,
,,,946.000039577E-3,-24.00000021E-3,
,,,948.000073433E-3,-104.0000021E-3,
,,,950.000047684E-3,-120.0000048E-3,
,,,952.000021935E-3,-64.000003040E-3,
,,,954.000055790E-3,16.0000008E-3,
,,,956.000030041E-3,88.000006974E-3,
,,,958.000063896E-3,112.0000035E-3,
,,,960.000038147E-3,88.000006974E-3,
,,,962.000072002E-3,-8.000000380E-3,
,,,964.000046253E-3,-88.000006974E-3,
,,,966.000020504E-3,-104.0000021E-3,
,,,968.000054359E-3,-88.000006974E-3,
,,,970.000028610E-3,-16.0000008E-3,
,,,972.000062466E-3,64.000003040E-3,
,,,974.000036716E-3,104.0000021E-3,
,,,976.000070572E-3,104.0000021E-3,
,,,978.000044823E-3,16.0000008E-3,
,,,980.000019073E-3,-72.000004351E-3,
,,,982.000052929E-3,-120.0000048E-3,
,,,984.000027180E-3,-104.0000021E-3,
,,,986.000061035E-3,-24.00000021E-3,
,,,988.000035286E-3,40.00000283E-3,
,,,990.000069141E-3,120.0000048E-3,
,,,992.000043392E-3,128.0000061E-3,
,,,994.000017643E-3,88.000006974E-3,
,,,996.000051498E-3,16.0000008E-3,
,,,998.000025749E-3,-32.00000152E-3,
,,,1.000000,-48.00000042E-3,
,,,1.0020001,16.0000008E-3,
,,,1.0040001,96.000000834E-3,
,,,1.0060000,184.00001526E-3,
,,,1.0080000,200.00000298E-3,
,,,1.0100000,176.00001395E-3,
,,,1.0120001,104.0000021E-3,
,,,1.0140001,0.0,
,,,1.0160000,-64.000003040E-3,
,,,1.0180000,-96.000000834E-3,
,,,1.0200001,-88.000006974E-3,
,,,1.0220001,-32.00000152E-3,
,,,1.0240000,0.0,
,,,1.0260000,-40.00000283E-3,
,,,1.0280000,-104.0000021E-3,
,,,1.0300001,-160.00001132E-3,
,,,1.0320001,-208.00000429E-3,
,,,1.0340000,-184.00001526E-3,
,,,1.0360000,-120.0000048E-3,
,,,1.0380001,-40.00000283E-3,
,,,1.0400001,32.00000152E-3,
,,,1.0420001,40.00000283E-3,
,,,1.0440000,-8.000000380E-3,
,,,1.0460000,-80.000005662E-3,
,,,1.0480001,-128.0000061E-3,
,,,1.0500001,-128.0000061E-3,
,,,1.0520000,-64.000003040E-3,
,,,1.0540000,0.0,
,,,1.0560000,88.000006974E-3,
,,,1.0580001,104.0000021E-3,
,,,1.0600001,104.0000021E-3,
,,,1.0620000,24.00000021E-3,
,,,1.0640000,-64.000003040E-3,
,,,1.0660001,-80.000005662E-3,
,,,1.0680001,-56.000001729E-3,
,,,1.0700001,8.000000380E-3,
,,,1.0720000,80.000005662E-3,
,,,1.0740000,112.0000035E-3,
,,,1.0760001,120.0000048E-3,
,,,1.0780001,48.00000042E-3,
,,,1.0800000,-24.00000021E-3,
,,,1.0820000,-80.000005662E-3,
,,,1.0840001,-104.0000021E-3,
,,,1.0860001,-40.00000283E-3,
,,,1.0880001,40.00000283E-3,
,,,1.0900000,88.000006974E-3,
,,,1.0920000,104.0000021E-3,
,,,1.0940001,56.000001729E-3,
,,,1.0960001,-8.000000380E-3,
,,,1.0980000,-80.000005662E-3,
,,,1.1000000,-104.0000021E-3,
,,,1.1020000,-64.000003040E-3,
,,,1.1040001,0.0,
,,,1.1060001,64.000003040E-3,
,,,1.1080000,104.0000021E-3,
,,,1.1100000,64.000003040E-3,
,,,1.1120001,0.0,
,,,1.1140001,-64.000003040E-3,
,,,1.1160001,-96.000000834E-3,
,,,1.1180000,-80.000005662E-3,
,,,1.1200000,-24.00000021E-3,
,,,1.1220001,48.00000042E-3,
,,,1.1240001,80.000005662E-3,
,,,1.1260000,72.000004351E-3,
,,,1.1280000,-16.0000008E-3,
,,,1.1300000,-88.000006974E-3,
,,,1.1320001,-136.0000074E-3,
,,,1.1340001,-152.00001001E-3,
,,,1.1360000,-88.000006974E-3,
,,,1.1380000,-8.000000380E-3,
,,,1.1400001,32.00000152E-3,
,,,1.1420001,32.00000152E-3,
,,,1.1440001,8.000000380E-3,
,,,1.1460000,-72.000004351E-3,
,,,1.1480000,-128.0000061E-3,
,,,1.1500001,-120.0000048E-3,
,,,1.1520001,-64.000003040E-3,
,,,1.1540000,24.00000021E-3,
,,,1.1560000,80.000005662E-3,
,,,1.1580001,96.000000834E-3,
,,,1.1600001,56.000001729E-3,
,,,1.1620001,-8.000000380E-3,
,,,1.1640000,-88.000006974E-3,
,,,1.1660000,-112.0000035E-3,
,,,1.1680001,-56.000001729E-3,
,,,1.1700001,32.00000152E-3,
,,,1.1720001,80.000005662E-3,
,,,1.1740000,112.0000035E-3,
,,,1.1760000,88.000006974E-3,
,,,1.1780001,8.000000380E-3,
,,,1.1800001,-64.000003040E-3,
,,,1.1820000,-104.0000021E-3,
,,,1.1840000,-56.000001729E-3,
,,,1.1860001,0.0,
,,,1.1880001,88.000006974E-3,
,,,1.1900001,112.0000035E-3,
,,,1.1920000,88.000006974E-3,
,,,1.1940000,24.00000021E-3,
,,,1.1960001,-64.000003040E-3,
,,,1.1980001,-88.000006974E-3,
,,,1.2000000,-104.0000021E-3,
,,,1.2020000,-32.00000152E-3,
,,,1.2040001,40.00000283E-3,
,,,1.2060001,96.000000834E-3,
,,,1.2080001,88.000006974E-3,
,,,1.2100000,32.00000152E-3,
,,,1.2120000,-24.00000021E-3,
,,,1.2140001,-72.000004351E-3,
,,,1.2160001,-64.000003040E-3,
,,,1.2180001,-32.00000152E-3,
,,,1.2200000,8.000000380E-3,
,,,1.2220000,16.0000008E-3,
,,,1.2240001,32.00000152E-3,
,,,1.2260001,40.00000283E-3,
,,,1.2280000,24.00000021E-3,
,,,1.2300000,0.0,
,,,1.2320001,0.0,
,,,1.2340001,-24.00000021E-3,
,,,1.2360001,-40.00000283E-3,
,,,1.2380000,-48.00000042E-3,
,,,1.2400000,-16.0000008E-3,
,,,1.2420001,16.0000008E-3,
,,,1.2440001,48.00000042E-3,
,,,1.2460001,32.00000152E-3,
,,,1.2480000,0.0,
,,,1.2500000,-32.00000152E-3,
,,,1.2520001,-48.00000042E-3,
,,,1.2540001,-32.00000152E-3,
,,,1.2560000,-16.0000008E-3,
,,,1.2580000,0.0,
,,,1.2600001,16.0000008E-3,
,,,1.2620001,8.000000380E-3,
,,,1.2640001,-32.00000152E-3,
,,,1.2660000,-56.000001729E-3,
,,,1.2680000,-64.000003040E-3,
,,,1.2700001,-32.00000152E-3,
,,,1.2720001,-8.000000380E-3,
,,,1.2740000,24.00000021E-3,
,,,1.2760000,40.00000283E-3,
,,,1.2780001,8.000000380E-3,
,,,1.2800001,-40.00000283E-3,
,,,1.2820001,-96.000000834E-3,
,,,1.2840000,-104.0000021E-3,
,,,1.2860000,-64.000003040E-3,
,,,1.2880001,-32.00000152E-3,
,,,1.2900001,32.00000152E-3,
,,,1.2920001,40.00000283E-3,
,,,1.2940000,8.000000380E-3,
,,,1.2960000,-40.00000283E-3,
,,,1.2980001,-104.0000021E-3,
,,,1.3000001,-104.0000021E-3,
,,,1.3020000,-64.000003040E-3,
,,,1.3040000,-16.0000008E-3,
,,,1.3060001,32.00000152E-3,
,,,1.3080001,48.00000042E-3,
,,,1.3100001,0.0,
,,,1.3120000,-80.000005662E-3,
,,,1.3140000,-136.0000074E-3,
,,,1.3160001,-144.0000087E-3,
,,,1.3180001,-56.000001729E-3,
,,,1.3200001,16.0000008E-3,
,,,1.3220000,64.000003040E-3,
,,,1.3240001,64.000003040E-3,
,,,1.3260001,0.0,
,,,1.3280001,-88.000006974E-3,
,,,1.3300000,-160.00001132E-3,
,,,1.3320000,-152.00001001E-3,
,,,1.3340001,-88.000006974E-3,
,,,1.3360001,16.0000008E-3,
,,,1.3380001,96.000000834E-3,
,,,1.3400000,80.000005662E-3,
,,,1.3420000,32.00000152E-3,
,,,1.3440001,-72.000004351E-3,
,,,1.3460001,-152.00001001E-3,
,,,1.3480000,-168.00001264E-3,
,,,1.3500000,-128.0000061E-3,
,,,1.3520001,-16.0000008E-3,
,,,1.3540001,56.000001729E-3,
,,,1.3560001,120.0000048E-3,
,,,1.3580000,96.000000834E-3,
,,,1.3600000,-24.00000021E-3,
,,,1.3620001,-112.0000035E-3,
,,,1.3640001,-152.00001001E-3,
,,,1.3660001,-128.0000061E-3,
,,,1.3680000,-48.00000042E-3,
,,,1.3700001,32.00000152E-3,
,,,1.3720001,112.0000035E-3,
,,,1.3740001,120.0000048E-3,
,,,1.3760000,32.00000152E-3,
,,,1.3780000,-88.000006974E-3,
,,,1.3800001,-160.00001132E-3,
,,,1.3820001,-152.00001001E-3,
,,,1.3840001,-64.000003040E-3,
,,,1.3860000,16.0000008E-3,
,,,1.3880000,104.0000021E-3,
,,,1.3900001,128.0000061E-3,
,,,1.3920001,88.000006974E-3,
,,,1.3940001,-24.00000021E-3,
,,,1.3960000,-112.0000035E-3,
,,,1.3980001,-136.0000074E-3,
,,,1.4000001,-96.000000834E-3,
,,,1.4020001,8.000000380E-3,
,,,1.4040000,88.000006974E-3,
,,,1.4060000,128.0000061E-3,
,,,1.4080001,104.0000021E-3,
,,,1.4100001,8.000000380E-3,
,,,1.4120001,-64.000003040E-3,
,,,1.4140000,-128.0000061E-3,
,,,1.4160000,-96.000000834E-3,
,,,1.4180001,-24.00000021E-3,
,,,1.4200001,48.00000042E-3,
,,,1.4220001,112.0000035E-3,
,,,1.4240000,112.0000035E-3,
,,,1.4260001,56.000001729E-3,
,,,1.4280001,-24.00000021E-3,
,,,1.4300001,-104.0000021E-3,
,,,1.4320000,-112.0000035E-3,
,,,1.4340000,-72.000004351E-3,
,,,1.4360001,24.00000021E-3,
,,,1.4380001,112.0000035E-3,
,,,1.4400001,144.0000087E-3,
,,,1.4420000,96.000000834E-3,
,,,1.4440001,8.000000380E-3,
,,,1.4460001,-80.000005662E-3,
,,,1.4480001,-136.0000074E-3,
,,,1.4500000,-112.0000035E-3,
,,,1.4520000,-32.00000152E-3,
,,,1.4540001,56.000001729E-3,
,,,1.4560001,136.0000074E-3,
,,,1.4580001,120.0000048E-3,
,,,1.4600000,40.00000283E-3,
,,,1.4620000,-48.00000042E-3,
,,,1.4640001,-120.0000048E-3,
,,,1.4660001,-112.0000035E-3,
,,,1.4680001,-48.00000042E-3,
,,,1.4700000,32.00000152E-3,
,,,1.4720001,120.0000048E-3,
,,,1.4740001,136.0000074E-3,
,,,1.4760001,72.000004351E-3,
,,,1.4780000,-16.0000008E-3,
,,,1.4800000,-112.0000035E-3,
,,,1.4820001,-120.0000048E-3,
,,,1.4840001,-72.000004351E-3,
,,,1.4860001,24.00000021E-3,
,,,1.4880000,88.000006974E-3,
,,,1.4900001,112.0000035E-3,
,,,1.4920001,80.000005662E-3,
,,,1.4940001,8.000000380E-3,
,,,1.4960001,-96.000000834E-3,
,,,1.4980000,-120.0000048E-3,
,,,1.5000001,-80.000005662E-3,
,,,1.5020001,-8.000000380E-3,
,,,1.5040001,88.000006974E-3,
,,,1.5060000,120.0000048E-3,
,,,1.5080000,96.000000834E-3,
,,,1.5100001,8.000000380E-3,
,,,1.5120001,-96.000000834E-3,
,,,1.5140001,-136.0000074E-3,
,,,1.5160000,-96.000000834E-3,
,,,1.5180001,-16.0000008E-3,
,,,1.5200001,64.000003040E-3,
,,,1.5220001,136.0000074E-3,
,,,1.5240000,112.0000035E-3,
,,,1.5260000,24.00000021E-3,
,,,1.5280001,-56.000001729E-3,
,,,1.5300001,-128.0000061E-3,
,,,1.5320001,-96.000000834E-3,
,,,1.5340000,-40.00000283E-3,
,,,1.5360000,32.00000152E-3,
,,,1.5380001,112.0000035E-3,
,,,1.5400001,136.0000074E-3,
,,,1.5420001,112.0000035E-3,
,,,1.5440000,-16.0000008E-3,
,,,1.5460001,-88.000006974E-3,
,,,1.5480001,-120.0000048E-3,
,,,1.5500001,-112.0000035E-3,
,,,1.5520000,0.0,
,,,1.5540000,88.000006974E-3,
,,,1.5560001,152.00001001E-3,
,,,1.5580001,136.0000074E-3,
,,,1.5600001,48.00000042E-3,
,,,1.5620000,-56.000001729E-3,
,,,1.5640001,-112.0000035E-3,
,,,1.5660001,-112.0000035E-3,
,,,1.5680001,-48.00000042E-3,
,,,1.5700001,48.00000042E-3,
,,,1.5720000,136.0000074E-3,
,,,1.5740001,152.00001001E-3,
,,,1.5760001,80.000005662E-3,
,,,1.5780001,-24.00000021E-3,
,,,1.5800000,-96.000000834E-3,
,,,1.5820000,-120.0000048E-3,
,,,1.5840001,-80.000005662E-3,
,,,1.5860001,32.00000152E-3,
,,,1.5880001,112.0000035E-3,
,,,1.5900000,144.0000087E-3,
,,,1.5920001,112.0000035E-3,
,,,1.5940001,0.0,
,,,1.5960001,-80.000005662E-3,
,,,1.5980000,-128.0000061E-3,
,,,1.6000000,-112.0000035E-3,
,,,1.6020001,8.000000380E-3,
,,,1.6040001,104.0000021E-3,
,,,1.6060001,136.0000074E-3,
,,,1.6080000,104.0000021E-3,
,,,1.6100001,24.00000021E-3,
,,,1.6120001,-40.00000283E-3,
,,,1.6140001,-128.0000061E-3,
,,,1.6160001,-120.0000048E-3,
,,,1.6180000,-40.00000283E-3,
,,,1.6200001,40.00000283E-3,
,,,1.6220001,128.0000061E-3,
,,,1.6240001,112.0000035E-3,
,,,1.6260000,64.000003040E-3,
,,,1.6280000,-24.00000021E-3,
,,,1.6300001,-112.0000035E-3,
,,,1.6320001,-112.0000035E-3,
,,,1.6340001,-80.000005662E-3,
,,,1.6360000,16.0000008E-3,
,,,1.6380001,88.000006974E-3,
,,,1.6400001,136.0000074E-3,
,,,1.6420001,88.000006974E-3,
,,,1.6440001,0.0,
,,,1.6460000,-72.000004351E-3,
,,,1.6480001,-104.0000021E-3,
,,,1.6500001,-72.000004351E-3,
,,,1.6520001,0.0,
,,,1.6540000,56.000001729E-3,
,,,1.6560001,120.0000048E-3,
,,,1.6580001,80.000005662E-3,
,,,1.6600001,16.0000008E-3,
,,,1.6620001,-56.000001729E-3,
,,,1.6640000,-96.000000834E-3,
,,,1.6660001,-96.000000834E-3,
,,,1.6680001,-24.00000021E-3,
,,,1.6700001,40.00000283E-3,
,,,1.6720001,104.0000021E-3,
,,,1.6740000,104.0000021E-3,
,,,1.6760001,56.000001729E-3,
,,,1.6780001,-8.000000380E-3,
,,,1.6800001,-72.000004351E-3,
,,,1.6820000,-80.000005662E-3,
,,,1.6840001,-56.000001729E-3,
,,,1.6860001,8.000000380E-3,
,,,1.6880001,80.000005662E-3,
,,,1.6900001,96.000000834E-3,
,,,1.6920000,64.000003040E-3,
,,,1.6940001,8.000000380E-3,
,,,1.6960001,-56.000001729E-3,
,,,1.6980001,-80.000005662E-3,
,,,1.7000000,-72.000004351E-3,
,,,1.7020000,-24.00000021E-3,
,,,1.7040001,32.00000152E-3,
,,,1.7060001,96.000000834E-3,
,,,1.7080001,88.000006974E-3,
,,,1.7100000,32.00000152E-3,
,,,1.7120001,-8.000000380E-3,
,,,1.7140001,-80.000005662E-3,
,,,1.7160001,-80.000005662E-3,
,,,1.7180001,-40.00000283E-3,
,,,1.7200000,8.000000380E-3,
,,,1.7220001,72.000004351E-3,
,,,1.7240001,88.000006974E-3,
,,,1.7260001,72.000004351E-3,
,,,1.7280000,8.000000380E-3,
,,,1.7300001,-80.000005662E-3,
,,,1.7320001,-104.0000021E-3,
,,,1.7340001,-88.000006974E-3,
,,,1.7360001,-32.00000152E-3,
,,,1.7380000,48.00000042E-3,
,,,1.7400001,96.000000834E-3,
,,,1.7420001,96.000000834E-3,
,,,1.7440001,40.00000283E-3,
,,,1.7460001,-40.00000283E-3,
,,,1.7480000,-112.0000035E-3,
,,,1.7500001,-104.0000021E-3,
,,,1.7520001,-48.00000042E-3,
,,,1.7540001,32.00000152E-3,
,,,1.7560000,112.0000035E-3,
,,,1.7580001,104.0000021E-3,
,,,1.7600001,56.000001729E-3,
,,,1.7620001,-8.000000380E-3,
,,,1.7640001,-112.0000035E-3,
,,,1.7660000,-112.0000035E-3,
,,,1.7680001,-72.000004351E-3,
,,,1.7700001,32.00000152E-3,
,,,1.7720001,96.000000834E-3,
,,,1.7740000,104.0000021E-3,
,,,1.7760001,72.000004351E-3,
,,,1.7780001,-8.000000380E-3,
,,,1.7800001,-96.000000834E-3,
,,,1.7820001,-120.0000048E-3,
,,,1.7840000,-80.000005662E-3,
,,,1.7860001,0.0,
,,,1.7880001,88.000006974E-3,
,,,1.7900001,120.0000048E-3,
,,,1.7920001,104.0000021E-3,
,,,1.7940000,8.000000380E-3,
,,,1.7960001,-64.000003040E-3,
,,,1.7980001,-112.0000035E-3,
,,,1.8000001,-72.000004351E-3,
,,,1.8020000,8.000000380E-3,
,,,1.8040001,112.0000035E-3,
,,,1.8060001,176.00001395E-3,
,,,1.8080001,184.00001526E-3,
,,,1.8100001,120.0000048E-3,
,,,1.8120000,48.00000042E-3,
,,,1.8140001,-8.000000380E-3,
,,,1.8160001,8.000000380E-3,
,,,1.8180001,96.000000834E-3,
,,,1.8200001,176.00001395E-3,
,,,1.8220001,256.00001216E-3,
,,,1.8240001,240.00000954E-3,
,,,1.8260001,128.0000061E-3,
,,,1.8280001,-8.000000380E-3,
,,,1.8300000,-168.00001264E-3,
,,,1.8320001,-216.00000560E-3,
,,,1.8340001,-184.00001526E-3,
,,,1.8360001,-96.000000834E-3,
,,,1.8380001,-8.000000380E-3,
,,,1.8400000,24.00000021E-3,
,,,1.8420001,-8.000000380E-3,
,,,1.8440001,-88.000006974E-3,
,,,1.8460001,-192.00000167E-3,
,,,1.8480000,-232.00000823E-3,
,,,1.8500001,-192.00000167E-3,
,,,1.8520001,-72.000004351E-3,
,,,1.8540001,24.00000021E-3,
,,,1.8560001,96.000000834E-3,
,,,1.8580000,104.0000021E-3,
,,,1.8600001,24.00000021E-3,
,,,1.8620001,-56.000001729E-3,
,,,1.8640001,-120.0000048E-3,
,,,1.8660001,-104.0000021E-3,
,,,1.8680000,-32.00000152E-3,
,,,1.8700001,64.000003040E-3,
,,,1.8720001,136.0000074E-3,
,,,1.8740001,144.0000087E-3,
,,,1.8760000,88.000006974E-3,
,,,1.8780001,8.000000380E-3,
,,,1.8800001,-88.000006974E-3,
,,,1.8820001,-88.000006974E-3,
,,,1.8840001,-40.00000283E-3,
,,,1.8860000,24.00000021E-3,
,,,1.8880001,112.0000035E-3,
,,,1.8900001,144.0000087E-3,
,,,1.8920001,112.0000035E-3,
,,,1.8940001,32.00000152E-3,
,,,1.8960001,-48.00000042E-3,
,,,1.8980001,-88.000006974E-3,
,,,1.9000001,-72.000004351E-3,
,,,1.9020001,-8.000000380E-3,
,,,1.9040000,56.000001729E-3,
,,,1.9060001,120.0000048E-3,
,,,1.9080001,120.0000048E-3,
,,,1.9100001,48.00000042E-3,
,,,1.9120001,-24.00000021E-3,
,,,1.9140000,-88.000006974E-3,
,,,1.9160001,-72.000004351E-3,
,,,1.9180001,-32.00000152E-3,
,,,1.9200001,32.00000152E-3,
,,,1.9220001,112.0000035E-3,
,,,1.9240001,112.0000035E-3,
,,,1.9260001,88.000006974E-3,
,,,1.9280001,8.000000380E-3,
,,,1.9300001,-64.000003040E-3,
,,,1.9320000,-80.000005662E-3,
,,,1.9340001,-64.000003040E-3,
,,,1.9360001,8.000000380E-3,
,,,1.9380001,72.000004351E-3,
,,,1.9400001,104.0000021E-3,
,,,1.9420002,88.000006974E-3,
,,,1.9440001,40.00000283E-3,
,,,1.9460001,-32.00000152E-3,
,,,1.9480001,-88.000006974E-3,
,,,1.9500000,-72.000004351E-3,
,,,1.9520001,-24.00000021E-3,
,,,1.9540001,56.000001729E-3,
,,,1.9560001,104.0000021E-3,
,,,1.9580001,96.000000834E-3,
,,,1.9600000,64.000003040E-3,
,,,1.9620001,-16.0000008E-3,
,,,1.9640001,-80.000005662E-3,
,,,1.9660001,-88.000006974E-3,
,,,1.9680001,-40.00000283E-3,
,,,1.9700001,32.00000152E-3,
,,,1.9720001,96.000000834E-3,
,,,1.9740001,120.0000048E-3,
,,,1.9760001,64.000003040E-3,
,,,1.9780000,0.0,
,,,1.9800001,-72.000004351E-3,
,,,1.9820001,-96.000000834E-3,
,,,1.9840001,-72.000004351E-3,
,,,1.9860001,8.000000380E-3,
,,,1.9880000,80.000005662E-3,
,,,1.9900001,112.0000035E-3,
,,,1.9920001,112.0000035E-3,
,,,1.9940001,24.00000021E-3,
,,,1.9960001,-64.000003040E-3,
,,,1.9980001,-104.0000021E-3,
,,,2.0000000,-104.0000021E-3,
,,,2.0020001,-40.00000283E-3,
,,,2.0040002,56.000001729E-3,
,,,2.0060000,128.0000061E-3,
,,,2.0080001,112.0000035E-3,
,,,2.0100000,72.000004351E-3,
,,,2.0120001,-32.00000152E-3,
,,,2.0140002,-88.000006974E-3,
,,,2.0160000,-96.000000834E-3,
,,,2.0180001,-72.000004351E-3,
,,,2.0200000,16.0000008E-3,
,,,2.0220001,104.0000021E-3,
,,,2.0240002,112.0000035E-3,
,,,2.0260000,80.000005662E-3,
,,,2.0280001,0.0,
,,,2.0300002,-88.000006974E-3,
,,,2.0320001,-104.0000021E-3,
,,,2.0340002,-96.000000834E-3,
,,,2.0360000,-16.0000008E-3,
,,,2.0380001,56.000001729E-3,
,,,2.0400002,104.0000021E-3,
,,,2.0420001,96.000000834E-3,
,,,2.0440001,32.00000152E-3,
,,,2.0460000,-56.000001729E-3,
,,,2.0480001,-96.000000834E-3,
,,,2.0500002,-104.0000021E-3,
,,,2.0520000,-40.00000283E-3,
,,,2.0540001,40.00000283E-3,
,,,2.0560000,80.000005662E-3,
,,,2.0580001,104.0000021E-3,
,,,2.0600002,56.000001729E-3,
,,,2.0620000,-24.00000021E-3,
,,,2.0640001,-96.000000834E-3,
,,,2.0660000,-120.0000048E-3,
,,,2.0680001,-72.000004351E-3,
,,,2.0700002,16.0000008E-3,
,,,2.0720000,64.000003040E-3,
,,,2.0740001,96.000000834E-3,
,,,2.0760002,64.000003040E-3,
,,,2.0780001,-8.000000380E-3,
,,,2.0800002,-80.000005662E-3,
,,,2.0820000,-112.0000035E-3,
,,,2.0840001,-112.0000035E-3,
,,,2.0860002,-24.00000021E-3,
,,,2.0880001,40.00000283E-3,
,,,2.0900002,64.000003040E-3,
,,,2.0920000,64.000003040E-3,
,,,2.0940001,8.000000380E-3,
,,,2.0960002,-56.000001729E-3,
,,,2.0980000,-112.0000035E-3,
,,,2.1000001,-112.0000035E-3,
,,,2.1020000,-72.000004351E-3,
,,,2.1040001,8.000000380E-3,
,,,2.1060002,64.000003040E-3,
,,,2.1080000,88.000006974E-3,
,,,2.1100001,48.00000042E-3,
,,,2.1120000,-32.00000152E-3,
,,,2.1140001,-72.000004351E-3,
,,,2.1160002,-104.0000021E-3,
,,,2.1180000,-64.000003040E-3,
,,,2.1200001,-24.00000021E-3,
,,,2.1220002,56.000001729E-3,
,,,2.1240001,96.000000834E-3,
,,,2.1260002,72.000004351E-3,
,,,2.1280000,8.000000380E-3,
,,,2.1300001,-56.000001729E-3,
,,,2.1320002,-80.000005662E-3,
,,,2.1340001,-72.000004351E-3,
,,,2.1360002,-24.00000021E-3,
,,,2.1380000,32.00000152E-3,
,,,2.1400001,80.000005662E-3,
,,,2.1420002,80.000005662E-3,
,,,2.1440001,56.000001729E-3,
,,,2.1460001,-32.00000152E-3,
,,,2.1480000,-72.000004351E-3,
,,,2.1500001,-88.000006974E-3,
,,,2.1520002,-32.00000152E-3,
,,,2.1540000,32.00000152E-3,
,,,2.1560001,80.000005662E-3,
,,,2.1580000,104.0000021E-3,
,,,2.1600001,80.000005662E-3,
,,,2.1620002,16.0000008E-3,
,,,2.1640000,-56.000001729E-3,
,,,2.1660001,-80.000005662E-3,
,,,2.1680002,-48.00000042E-3,
,,,2.1700001,0.0,
,,,2.1720002,72.000004351E-3,
,,,2.1740000,96.000000834E-3,
,,,2.1760001,80.000005662E-3,
,,,2.1780002,32.00000152E-3,
,,,2.1800001,-40.00000283E-3,
,,,2.1820002,-64.000003040E-3,
,,,2.1840000,-64.000003040E-3,
,,,2.1860001,-8.000000380E-3,
,,,2.1880002,48.00000042E-3,
,,,2.1900001,104.0000021E-3,
,,,2.1920002,96.000000834E-3,
,,,2.1940000,40.00000283E-3,
,,,2.1960001,-8.000000380E-3,
,,,2.1980002,-56.000001729E-3,
,,,2.2000000,-64.000003040E-3,
,,,2.2020001,-16.0000008E-3,
,,,2.2040000,40.00000283E-3,
,,,2.2060001,72.000004351E-3,
,,,2.2080002,96.000000834E-3,
,,,2.2100000,64.000003040E-3,
,,,2.2120001,16.0000008E-3,
,,,2.2140000,-72.000004351E-3,
,,,2.2160001,-72.000004351E-3,
,,,2.2180002,-40.00000283E-3,
,,,2.2200000,8.000000380E-3,
,,,2.2220001,56.000001729E-3,
,,,2.2240002,112.0000035E-3,
,,,2.2260001,72.000004351E-3,
,,,2.2280002,16.0000008E-3,
,,,2.2300000,-48.00000042E-3,
,,,2.2320001,-88.000006974E-3,
,,,2.2340002,-80.000005662E-3,
,,,2.2360001,0.0,
,,,2.2380002,64.000003040E-3,
,,,2.2400000,96.000000834E-3,
,,,2.2420001,88.000006974E-3,
,,,2.2440002,32.00000152E-3,
,,,2.2460001,-40.00000283E-3,
,,,2.2480001,-112.0000035E-3,
,,,2.2500000,-104.0000021E-3,
,,,2.2520001,-24.00000021E-3,
,,,2.2540002,56.000001729E-3,
,,,2.2560000,96.000000834E-3,
,,,2.2580001,88.000006974E-3,
,,,2.2600000,48.00000042E-3,
,,,2.2620001,-24.00000021E-3,
,,,2.2640002,-96.000000834E-3,
,,,2.2660000,-112.0000035E-3,
,,,2.2680001,-48.00000042E-3,
,,,2.2700002,32.00000152E-3,
,,,2.2720001,96.000000834E-3,
,,,2.2740002,112.0000035E-3,
,,,2.2760000,64.000003040E-3,
,,,2.2780001,-16.0000008E-3,
,,,2.2800002,-80.000005662E-3,
,,,2.2820001,-104.0000021E-3,
,,,2.2840002,-72.000004351E-3,
,,,2.2860000,0.0,
,,,2.2880001,88.000006974E-3,
,,,2.2900002,96.000000834E-3,
,,,2.2920001,96.000000834E-3,
,,,2.2940001,32.00000152E-3,
,,,2.2960000,-64.000003040E-3,
,,,2.2980001,-96.000000834E-3,
,,,2.3000002,-80.000005662E-3,
,,,2.3020000,-16.0000008E-3,
,,,2.3040001,48.00000042E-3,
,,,2.3060000,112.0000035E-3,
,,,2.3080001,104.0000021E-3,
,,,2.3100002,48.00000042E-3,
,,,2.3120000,-32.00000152E-3,
,,,2.3140001,-88.000006974E-3,
,,,2.3160002,-104.0000021E-3,
,,,2.3180001,-48.00000042E-3,
,,,2.3200002,48.00000042E-3,
,,,2.3220000,112.0000035E-3,
,,,2.3240001,112.0000035E-3,
,,,2.3260002,72.000004351E-3,
,,,2.3280001,0.0,
,,,2.3300002,-88.000006974E-3,
,,,2.3320000,-80.000005662E-3,
,,,2.3340001,-72.000004351E-3,
,,,2.3360002,0.0,
,,,2.3380001,80.000005662E-3,
,,,2.3400002,128.0000061E-3,
,,,2.3420000,96.000000834E-3,
,,,2.3440001,32.00000152E-3,
,,,2.3460002,-32.00000152E-3,
,,,2.3480000,-104.0000021E-3,
,,,2.3500001,-88.000006974E-3,
,,,2.3520000,-16.0000008E-3,
,,,2.3540001,72.000004351E-3,
,,,2.3560002,128.0000061E-3,
,,,2.3580000,112.0000035E-3,
,,,2.3600001,48.00000042E-3,
,,,2.3620002,-32.00000152E-3,
,,,2.3640001,-88.000006974E-3,
,,,2.3660002,-104.0000021E-3,
,,,2.3680000,-32.00000152E-3,
,,,2.3700001,48.00000042E-3,
,,,2.3720002,120.0000048E-3,
,,,2.3740001,120.0000048E-3,
,,,2.3760002,104.0000021E-3,
,,,2.3780000,16.0000008E-3,
,,,2.3800001,-80.000005662E-3,
,,,2.3820002,-120.0000048E-3,
,,,2.3840001,-64.000003040E-3,
,,,2.3860002,8.000000380E-3,
,,,2.3880000,88.000006974E-3,
,,,2.3900001,136.0000074E-3,
,,,2.3920002,104.0000021E-3,
,,,2.3940001,24.00000021E-3,
,,,2.3960001,-48.00000042E-3,
,,,2.3980000,-96.000000834E-3,
,,,2.4000001,-96.000000834E-3,
,,,2.4020002,-16.0000008E-3,
,,,2.4040000,72.000004351E-3,
,,,2.4060001,112.0000035E-3,
,,,2.4080002,112.0000035E-3,
,,,2.4100001,72.000004351E-3,
,,,2.4120002,-16.0000008E-3,
,,,2.4140000,-96.000000834E-3,
,,,2.4160001,-96.000000834E-3,
,,,2.4180002,-56.000001729E-3,
,,,2.4200001,40.00000283E-3,
,,,2.4220002,112.0000035E-3,
,,,2.4240000,120.0000048E-3,
,,,2.4260001,88.000006974E-3,
,,,2.4280002,8.000000380E-3,
,,,2.4300001,-80.000005662E-3,
,,,2.4320002,-88.000006974E-3,
,,,2.4340000,-80.000005662E-3,
,,,2.4360001,16.0000008E-3,
,,,2.4380002,80.000005662E-3,
,,,2.4400001,104.0000021E-3,
,,,2.4420002,104.0000021E-3,
,,,2.4440000,32.00000152E-3,
,,,2.4460001,-56.000001729E-3,
,,,2.4480002,-88.000006974E-3,
,,,2.4500000,-80.000005662E-3,
,,,2.4520001,-16.0000008E-3,
,,,2.4540002,40.00000283E-3,
,,,2.4560001,104.0000021E-3,
,,,2.4580002,104.0000021E-3,
,,,2.4600000,48.00000042E-3,
,,,2.4620001,-16.0000008E-3,
,,,2.4640002,-88.000006974E-3,
,,,2.4660001,-104.0000021E-3,
,,,2.4680002,-48.00000042E-3,
,,,2.4700000,24.00000021E-3,
,,,2.4720001,88.000006974E-3,
,,,2.4740002,112.0000035E-3,
,,,2.4760001,72.000004351E-3,
,,,2.4780002,0.0,
,,,2.4800000,-72.000004351E-3,
,,,2.4820001,-96.000000834E-3,
,,,2.4840002,-72.000004351E-3,
,,,2.4860001,8.000000380E-3,
,,,2.4880002,72.000004351E-3,
,,,2.4900000,104.0000021E-3,
,,,2.4920001,88.000006974E-3,
,,,2.4940002,24.00000021E-3,
,,,2.4960001,-48.00000042E-3,
,,,2.4980001,-80.000005662E-3,
,,,2.5000000,-96.000000834E-3,
,,,2.5020001,-40.00000283E-3,
,,,2.5040002,48.00000042E-3,
,,,2.5060000,104.0000021E-3,
,,,2.5080001,104.0000021E-3,
,,,2.5100002,40.00000283E-3,
,,,2.5120001,-16.0000008E-3,
,,,2.5140002,-88.000006974E-3,
,,,2.5160000,-104.0000021E-3,
,,,2.5180001,-56.000001729E-3,
,,,2.5200002,16.0000008E-3,
,,,2.5220001,120.0000048E-3,
,,,2.5240002,112.0000035E-3,
,,,2.5260000,72.000004351E-3,
,,,2.5280001,-8.000000380E-3,
,,,2.5300002,-80.000005662E-3,
,,,2.5320001,-120.0000048E-3,
,,,2.5340002,-80.000005662E-3,
,,,2.5360000,-16.0000008E-3,
,,,2.5380001,48.00000042E-3,
,,,2.5400002,112.0000035E-3,
,,,2.5420001,104.0000021E-3,
,,,2.5440001,24.00000021E-3,
,,,2.5460000,-48.00000042E-3,
,,,2.5480001,-112.0000035E-3,
,,,2.5500002,-104.0000021E-3,
,,,2.5520000,-56.000001729E-3,
,,,2.5540001,40.00000283E-3,
,,,2.5560002,96.000000834E-3,
,,,2.5580001,88.000006974E-3,
,,,2.5600002,40.00000283E-3,
,,,2.5620000,-24.00000021E-3,
,,,2.5640001,-88.000006974E-3,
,,,2.5660002,-112.0000035E-3,
,,,2.5680001,-64.000003040E-3,
,,,2.5700002,-8.000000380E-3,
,,,2.5720000,88.000006974E-3,
,,,2.5740001,96.000000834E-3,
,,,2.5760002,72.000004351E-3,
,,,2.5780001,0.0,
,,,2.5800002,-72.000004351E-3,
,,,2.5820000,-104.0000021E-3,
,,,2.5840001,-96.000000834E-3,
,,,2.5860002,-32.00000152E-3,
,,,2.5880001,64.000003040E-3,
,,,2.5900002,96.000000834E-3,
,,,2.5920000,88.000006974E-3,
,,,2.5940001,16.0000008E-3,
,,,2.5960002,-48.00000042E-3,
,,,2.5980000,-104.0000021E-3,
,,,2.6000001,-88.000006974E-3,
,,,2.6020002,-40.00000283E-3,
,,,2.6040001,56.000001729E-3,
,,,2.6060002,112.0000035E-3,
,,,2.6080000,112.0000035E-3,
,,,2.6100001,56.000001729E-3,
,,,2.6120002,-16.0000008E-3,
,,,2.6140001,-88.000006974E-3,
,,,2.6160002,-104.0000021E-3,
,,,2.6180000,-48.00000042E-3,
,,,2.6200001,0.0,
,,,2.6220002,104.0000021E-3,
,,,2.6240001,128.0000061E-3,
,,,2.6260002,112.0000035E-3,
,,,2.6280000,40.00000283E-3,
,,,2.6300001,-32.00000152E-3,
,,,2.6320002,-56.000001729E-3,
,,,2.6340001,-8.000000380E-3,
,,,2.6360002,88.000006974E-3,
,,,2.6380000,176.00001395E-3,
,,,2.6400001,216.00000560E-3,
,,,2.6420002,200.00000298E-3,
,,,2.6440001,144.0000087E-3,
,,,2.6460001,56.000001729E-3,
,,,2.6480002,-32.00000152E-3,
,,,2.6500001,-48.00000042E-3,
,,,2.6520002,-32.00000152E-3,
,,,2.6540000,-8.000000380E-3,
,,,2.6560001,-8.000000380E-3,
,,,2.6580002,-16.0000008E-3,
,,,2.6600001,-64.000003040E-3,
,,,2.6620002,-152.00001001E-3,
,,,2.6640000,-232.00000823E-3,
,,,2.6660001,-216.00000560E-3,
,,,2.6680002,-160.00001132E-3,
,,,2.6700001,-72.000004351E-3,
,,,2.6720002,0.0,
,,,2.6740000,32.00000152E-3,
,,,2.6760001,0.0,
,,,2.6780002,-40.00000283E-3,
,,,2.6800001,-104.0000021E-3,
,,,2.6820002,-112.0000035E-3,
,,,2.6840000,-80.000005662E-3,
,,,2.6860001,-16.0000008E-3,
,,,2.6880002,64.000003040E-3,
,,,2.6900001,112.0000035E-3,
,,,2.6920002,104.0000021E-3,
,,,2.6940002,40.00000283E-3,
,,,2.6960001,-32.00000152E-3,
,,,2.6980002,-80.000005662E-3,
,,,2.7000000,-56.000001729E-3,
,,,2.7020001,0.0,
,,,2.7040002,80.000005662E-3,
,,,2.7060001,120.0000048E-3,
,,,2.7080002,136.0000074E-3,
,,,2.7100000,80.000005662E-3,
,,,2.7120001,-16.0000008E-3,
,,,2.7140002,-80.000005662E-3,
,,,2.7160001,-80.000005662E-3,
,,,2.7180002,-32.00000152E-3,
,,,2.72000003,48.00000042E-3,
,,,2.72200012,112.0000035E-3,
,,,2.72400022,136.0000074E-3,
,,,2.72600007,80.000005662E-3,
,,,2.72800016,8.000000380E-3,
,,,2.73000002,-72.000004351E-3,
,,,2.73200011,-80.000005662E-3,
,,,2.73400021,-56.000001729E-3,
,,,2.73600006,24.00000021E-3,
,,,2.73800015,88.000006974E-3,
,,,2.74000025,128.0000061E-3,
,,,2.74200010,96.000000834E-3,
,,,2.74400020,16.0000008E-3,
,,,2.74600005,-32.00000152E-3,
,,,2.74800014,-96.000000834E-3,
,,,2.75000024,-88.000006974E-3,
,,,2.75200009,-24.00000021E-3,
,,,2.75400019,64.000003040E-3,
,,,2.75600004,120.0000048E-3,
,,,2.75800014,112.0000035E-3,
,,,2.76000023,64.000003040E-3,
,,,2.76200008,-24.00000021E-3,
,,,2.76400018,-88.000006974E-3,
,,,2.76600003,-104.0000021E-3,
,,,2.76800013,-40.00000283E-3,
,,,2.77000022,32.00000152E-3,
,,,2.77200007,120.0000048E-3,
,,,2.77400017,120.0000048E-3,
,,,2.77600002,96.000000834E-3,
,,,2.77800012,0.0,
,,,2.78000021,-88.000006974E-3,
,,,2.78200006,-104.0000021E-3,
,,,2.78400016,-72.000004351E-3,
,,,2.78600001,16.0000008E-3,
,,,2.78800011,88.000006974E-3,
,,,2.79000020,120.0000048E-3,
,,,2.79200006,112.0000035E-3,
,,,2.79400015,32.00000152E-3,
,,,2.79600024,-72.000004351E-3,
,,,2.79800010,-96.000000834E-3,
,,,2.80000019,-96.000000834E-3,
,,,2.80200005,-8.000000380E-3,
,,,2.80400014,72.000004351E-3,
,,,2.80600023,120.0000048E-3,
,,,2.80800009,112.0000035E-3,
,,,2.81000018,56.000001729E-3,
,,,2.81200004,-32.00000152E-3,
,,,2.81400013,-104.0000021E-3,
,,,2.81600022,-104.0000021E-3,
,,,2.81800008,-56.000001729E-3,
,,,2.82000017,32.00000152E-3,
,,,2.82200003,104.0000021E-3,
,,,2.82400012,112.0000035E-3,
,,,2.82600021,72.000004351E-3,
,,,2.82800007,0.0,
,,,2.83000016,-80.000005662E-3,
,,,2.83200002,-96.000000834E-3,
,,,2.83400011,-80.000005662E-3,
,,,2.83600020,16.0000008E-3,
,,,2.83800006,104.0000021E-3,
,,,2.84000015,120.0000048E-3,
,,,2.84200025,112.0000035E-3,
,,,2.84400010,32.00000152E-3,
,,,2.84600019,-64.000003040E-3,
,,,2.84800005,-112.0000035E-3,
,,,2.85000014,-96.000000834E-3,
,,,2.85200024,-16.0000008E-3,
,,,2.85400009,64.000003040E-3,
,,,2.85600019,128.0000061E-3,
,,,2.85800004,120.0000048E-3,
,,,2.86000013,80.000005662E-3,
,,,2.86200023,0.0,
,,,2.86400008,-96.000000834E-3,
,,,2.86600018,-96.000000834E-3,
,,,2.86800003,-24.00000021E-3,
,,,2.87000012,32.00000152E-3,
,,,2.87200022,112.0000035E-3,
,,,2.87400007,120.0000048E-3,
,,,2.87600017,80.000005662E-3,
,,,2.87800002,-16.0000008E-3,
,,,2.88000011,-72.000004351E-3,
,,,2.88200021,-112.0000035E-3,
,,,2.88400006,-80.000005662E-3,
,,,2.88600016,8.000000380E-3,
,,,2.88800025,80.000005662E-3,
,,,2.89000010,104.0000021E-3,
,,,2.89200020,96.000000834E-3,
,,,2.89400005,8.000000380E-3,
,,,2.89600015,-56.000001729E-3,
,,,2.89800024,-120.0000048E-3,
,,,2.90000010,-112.0000035E-3,
,,,2.90200019,-40.00000283E-3,
,,,2.90400004,48.00000042E-3,
,,,2.90600014,104.0000021E-3,
,,,2.90800023,80.000005662E-3,
,,,2.91000009,16.0000008E-3,
,,,2.91200018,-48.00000042E-3,
,,,2.91400003,-128.0000061E-3,
,,,2.91600013,-136.0000074E-3,
,,,2.91800022,-72.000004351E-3,
,,,2.92000008,-8.000000380E-3,
,,,2.92200017,72.000004351E-3,
,,,2.92400002,80.000005662E-3,
,,,2.92600012,48.00000042E-3,
,,,2.92800021,-40.00000283E-3,
,,,2.93000007,-120.0000048E-3,
,,,2.93200016,-120.0000048E-3,
,,,2.93400025,-104.0000021E-3,
,,,2.93600011,-24.00000021E-3,
,,,2.93800020,56.000001729E-3,
,,,2.94000006,88.000006974E-3,
,,,2.94200015,64.000003040E-3,
,,,2.94400024,0.0,
,,,2.94600010,-88.000006974E-3,
,,,2.94800019,-136.0000074E-3,
,,,2.95000005,-128.0000061E-3,
,,,2.95200014,-40.00000283E-3,
,,,2.95400023,48.00000042E-3,
,,,2.95600009,88.000006974E-3,
,,,2.95800018,88.000006974E-3,
,,,2.96000004,32.00000152E-3,
,,,2.96200013,-40.00000283E-3,
,,,2.96400023,-120.0000048E-3,
,,,2.96600008,-120.0000048E-3,
,,,2.96800017,-64.000003040E-3,
,,,2.97000003,40.00000283E-3,
,,,2.97200012,96.000000834E-3,
,,,2.97400022,104.0000021E-3,
,,,2.97600007,64.000003040E-3,
,,,2.97800016,-16.0000008E-3,
,,,2.98000026,-104.0000021E-3,
,,,2.98200011,-120.0000048E-3,
,,,2.98400021,-88.000006974E-3,
,,,2.98600006,0.0,
,,,2.98800015,112.0000035E-3,
,,,2.99000025,112.0000035E-3,
,,,2.99200010,96.000000834E-3,
,,,2.99400020,8.000000380E-3,
,,,2.99600005,-80.000005662E-3,
,,,2.99800014,-120.0000048E-3,
,,,3.00000024,-104.0000021E-3,
,,,3.00200009,-24.00000021E-3,
,,,3.00400019,56.000001729E-3,
,,,3.00600004,128.0000061E-3,
,,,3.00800014,104.0000021E-3,
,,,3.01000023,40.00000283E-3,
,,,3.01200008,-40.00000283E-3,
,,,3.01400018,-120.0000048E-3,
,,,3.01600003,-112.0000035E-3,
,,,3.01800013,-40.00000283E-3,
,,,3.02000022,32.00000152E-3,
,,,3.02200007,104.0000021E-3,
,,,3.02400017,112.0000035E-3,
,,,3.02600026,88.000006974E-3,
,,,3.02800012,0.0,
,,,3.03000021,-96.000000834E-3,
,,,3.03200006,-120.0000048E-3,
,,,3.03400016,-72.000004351E-3,
,,,3.03600025,0.0,
,,,3.03800011,96.000000834E-3,
,,,3.04000020,120.0000048E-3,
,,,3.04200006,104.0000021E-3,
,,,3.04400015,24.00000021E-3,
,,,3.04600024,-64.000003040E-3,
,,,3.04800010,-128.0000061E-3,
,,,3.05000019,-104.0000021E-3,
,,,3.05200005,-24.00000021E-3,
,,,3.05400014,64.000003040E-3,
,,,3.05600023,120.0000048E-3,
,,,3.05800009,104.0000021E-3,
,,,3.06000018,40.00000283E-3,
,,,3.06200004,-40.00000283E-3,
,,,3.06400013,-112.0000035E-3,
,,,3.06600022,-112.0000035E-3,
,,,3.06800008,-40.00000283E-3,
,,,3.07000017,40.00000283E-3,
,,,3.07200003,112.0000035E-3,
,,,3.07400012,128.0000061E-3,
,,,3.07600021,80.000005662E-3,
,,,3.07800007,-8.000000380E-3,
,,,3.08000016,-88.000006974E-3,
,,,3.08200026,-120.0000048E-3,
,,,3.08400011,-88.000006974E-3,
,,,3.08600020,0.0,
,,,3.08800006,112.0000035E-3,
,,,3.09000015,136.0000074E-3,
,,,3.09200025,112.0000035E-3,
,,,3.09400010,16.0000008E-3,
,,,3.09600019,-56.000001729E-3,
,,,3.09800005,-112.0000035E-3,
,,,3.10000014,-96.000000834E-3,
,,,3.10200024,-32.00000152E-3,
,,,3.10400009,72.000004351E-3,
,,,3.10600019,144.0000087E-3,
,,,3.10800004,120.0000048E-3,
,,,3.11000013,56.000001729E-3,
,,,3.11200023,-40.00000283E-3,
,,,3.11400008,-120.0000048E-3,
,,,3.11600018,-104.0000021E-3,
,,,3.11800003,-48.00000042E-3,
,,,3.12000012,32.00000152E-3,
,,,3.12200022,112.0000035E-3,
,,,3.12400007,120.0000048E-3,
,,,3.12600017,80.000005662E-3,
,,,3.12800026,8.000000380E-3,
,,,3.13000011,-96.000000834E-3,
,,,3.13200021,-112.0000035E-3,
,,,3.13400006,-80.000005662E-3,
,,,3.13600016,0.0,
,,,3.13800025,96.000000834E-3,
,,,3.14000010,120.0000048E-3,
,,,3.14200020,104.0000021E-3,
,,,3.14400005,8.000000380E-3,
,,,3.14600015,-72.000004351E-3,
,,,3.14800024,-112.0000035E-3,
,,,3.15000010,-88.000006974E-3,
,,,3.15200019,-32.00000152E-3,
,,,3.15400004,48.00000042E-3,
,,,3.15600014,128.0000061E-3,
,,,3.15800023,112.0000035E-3,
,,,3.16000009,32.00000152E-3,
,,,3.16200018,-40.00000283E-3,
,,,3.16400003,-104.0000021E-3,
,,,3.16600013,-112.0000035E-3,
,,,3.16800022,-40.00000283E-3,
,,,3.17000008,16.0000008E-3,
,,,3.17200017,104.0000021E-3,
,,,3.17400026,120.0000048E-3,
,,,3.17600012,64.000003040E-3,
,,,3.17800021,-16.0000008E-3,
,,,3.18000007,-88.000006974E-3,
,,,3.18200016,-112.0000035E-3,
,,,3.18400025,-96.000000834E-3,
,,,3.18600011,8.000000380E-3,
,,,3.18800020,80.000005662E-3,
,,,3.19000006,112.0000035E-3,
,,,3.19200015,120.0000048E-3,
,,,3.19400024,24.00000021E-3,
,,,3.19600010,-64.000003040E-3,
,,,3.19800019,-128.0000061E-3,
,,,3.20000005,-104.0000021E-3,
,,,3.20200014,-32.00000152E-3,
,,,3.20400023,64.000003040E-3,
,,,3.20600009,112.0000035E-3,
,,,3.20800018,104.0000021E-3,
,,,3.21000004,56.000001729E-3,
,,,3.21200013,-24.00000021E-3,
,,,3.21400023,-104.0000021E-3,
,,,3.21600008,-120.0000048E-3,
,,,3.21800017,-64.000003040E-3,
,,,3.22000027,16.0000008E-3,
,,,3.22200012,104.0000021E-3,
,,,3.22400022,136.0000074E-3,
,,,3.22600007,72.000004351E-3,
,,,3.22800016,-8.000000380E-3,
,,,3.23000026,-72.000004351E-3,
,,,3.23200011,-104.0000021E-3,
,,,3.23400021,-88.000006974E-3,
,,,3.23600006,-8.000000380E-3,
,,,3.23800015,80.000005662E-3,
,,,3.24000025,128.0000061E-3,
,,,3.24200010,104.0000021E-3,
,,,3.24400020,24.00000021E-3,
,,,3.24600005,-72.000004351E-3,
,,,3.24800014,-112.0000035E-3,
,,,3.25000024,-96.000000834E-3,
,,,3.25200009,-32.00000152E-3,
,,,3.25400019,48.00000042E-3,
,,,3.25600004,112.0000035E-3,
,,,3.25800014,112.0000035E-3,
,,,3.26000023,48.00000042E-3,
,,,3.26200008,-40.00000283E-3,
,,,3.26400018,-120.0000048E-3,
,,,3.26600027,-112.0000035E-3,
,,,3.26800013,-56.000001729E-3,
,,,3.27000022,32.00000152E-3,
,,,3.27200007,112.0000035E-3,
,,,3.27400017,128.0000061E-3,
,,,3.27600026,80.000005662E-3,
,,,3.27800012,-8.000000380E-3,
,,,3.28000021,-88.000006974E-3,
,,,3.28200006,-104.0000021E-3,
,,,3.28400016,-88.000006974E-3,
,,,3.28600025,-8.000000380E-3,
,,,3.28800011,80.000005662E-3,
,,,3.29000020,128.0000061E-3,
,,,3.29200006,88.000006974E-3,
,,,3.29400015,32.00000152E-3,
,,,3.29600024,-56.000001729E-3,
,,,3.29800010,-104.0000021E-3,
,,,3.30000019,-96.000000834E-3,
,,,3.30200005,-24.00000021E-3,
,,,3.30400014,48.00000042E-3,
,,,3.30600023,112.0000035E-3,
,,,3.30800009,128.0000061E-3,
,,,3.31000018,40.00000283E-3,
,,,3.31200027,-32.00000152E-3,
,,,3.31400013,-104.0000021E-3,
,,,3.31600022,-112.0000035E-3,
,,,3.31800008,-56.000001729E-3,
,,,3.32000017,32.00000152E-3,
,,,3.32200027,96.000000834E-3,
,,,3.32400012,120.0000048E-3,
,,,3.32600021,80.000005662E-3,
,,,3.32800007,-8.000000380E-3,
,,,3.33000016,-112.0000035E-3,
,,,3.33200026,-120.0000048E-3,
,,,3.33400011,-80.000005662E-3,
,,,3.33600020,-16.0000008E-3,
,,,3.33800006,104.0000021E-3,
,,,3.34000015,112.0000035E-3,
,,,3.34200025,104.0000021E-3,
,,,3.34400010,24.00000021E-3,
,,,3.34600019,-64.000003040E-3,
,,,3.34800005,-112.0000035E-3,
,,,3.35000014,-104.0000021E-3,
,,,3.35200024,-32.00000152E-3,
,,,3.35400009,40.00000283E-3,
,,,3.35600019,104.0000021E-3,
,,,3.35800028,112.0000035E-3,
,,,3.36000013,40.00000283E-3,
,,,3.36200023,-32.00000152E-3,
,,,3.36400008,-112.0000035E-3,
,,,3.36600018,-112.0000035E-3,
,,,3.36800027,-72.000004351E-3,
,,,3.37000012,24.00000021E-3,
,,,3.37200022,96.000000834E-3,
,,,3.37400007,96.000000834E-3,
,,,3.37600017,80.000005662E-3,
,,,3.37800026,-8.000000380E-3,
,,,3.38000011,-96.000000834E-3,
,,,3.38200021,-112.0000035E-3,
,,,3.38400006,-80.000005662E-3,
,,,3.38600016,0.0,
,,,3.38800025,88.000006974E-3,
,,,3.39000010,112.0000035E-3,
,,,3.39200020,96.000000834E-3,
,,,3.39400005,24.00000021E-3,
,,,3.39600015,-64.000003040E-3,
,,,3.39800024,-112.0000035E-3,
,,,3.40000010,-96.000000834E-3,
,,,3.40200019,-16.0000008E-3,
,,,3.40400004,48.00000042E-3,
,,,3.40600014,96.000000834E-3,
,,,3.40800023,96.000000834E-3,
,,,3.41000009,40.00000283E-3,
,,,3.41200018,-32.00000152E-3,
,,,3.41400027,-112.0000035E-3,
,,,3.41600013,-112.0000035E-3,
,,,3.41800022,-56.000001729E-3,
,,,3.42000008,8.000000380E-3,
,,,3.42200017,104.0000021E-3,
,,,3.42400026,104.0000021E-3,
,,,3.42600012,64.000003040E-3,
,,,3.42800021,-8.000000380E-3,
,,,3.43000007,-88.000006974E-3,
,,,3.43200016,-112.0000035E-3,
,,,3.43400025,-72.000004351E-3,
,,,3.43600011,0.0,
,,,3.43800020,64.000003040E-3,
,,,3.44000006,88.000006974E-3,
,,,3.44200015,88.000006974E-3,
,,,3.44400024,16.0000008E-3,
,,,3.44600010,-64.000003040E-3,
,,,3.44800019,-88.000006974E-3,
,,,3.45000005,-112.0000035E-3,
,,,3.45200014,-40.00000283E-3,
,,,3.45400023,48.00000042E-3,
,,,3.45600009,104.0000021E-3,
,,,3.45800018,104.0000021E-3,
,,,3.46000028,48.00000042E-3,
,,,3.46200013,-32.00000152E-3,
,,,3.46400023,-96.000000834E-3,
,,,3.46600008,-104.0000021E-3,
,,,3.46800017,-56.000001729E-3,
,,,3.47000027,8.000000380E-3,
,,,3.47200012,88.000006974E-3,
,,,3.47400022,104.0000021E-3,
,,,3.47600007,72.000004351E-3,
,,,3.47800016,-24.00000021E-3,
,,,3.48000026,-72.000004351E-3,
,,,3.48200011,-112.0000035E-3,
,,,3.48400021,-64.000003040E-3,
,,,3.48600006,8.000000380E-3,
,,,3.48800015,96.000000834E-3,
,,,3.49000025,136.0000074E-3,
,,,3.49200010,144.0000087E-3,
,,,3.49400020,72.000004351E-3,
,,,3.49600005,0.0,
,,,3.49800014,-40.00000283E-3,
,,,3.50000024,0.0,
,,,3.50200009,56.000001729E-3,
,,,3.50400019,152.00001001E-3,
,,,3.50600028,192.00000167E-3,
,,,3.50800014,208.00000429E-3,
,,,3.51000023,112.0000035E-3,
,,,3.51200008,0.0,
,,,3.51400018,-128.0000061E-3,
,,,3.51600027,-192.00000167E-3,
,,,3.51800013,-176.00001395E-3,
,,,3.52000022,-80.000005662E-3,
,,,3.52200007,-48.00000042E-3,
,,,3.52400017,-8.000000380E-3,
,,,3.52600026,-32.00000152E-3,
,,,3.52800012,-104.0000021E-3,
,,,3.53000021,-184.00001526E-3,
,,,3.53200006,-200.00000298E-3,
,,,3.53400016,-184.00001526E-3,
,,,3.53600025,-80.000005662E-3,
,,,3.53800011,16.0000008E-3,
,,,3.54000020,64.000003040E-3,
,,,3.54200006,48.00000042E-3,
,,,3.54400015,8.000000380E-3,
,,,3.54600024,-48.00000042E-3,
,,,3.54800010,-112.0000035E-3,
,,,3.55000019,-104.0000021E-3,
,,,3.55200028,-24.00000021E-3,
,,,3.55400014,56.000001729E-3,
,,,3.55600023,120.0000048E-3,
,,,3.55800009,128.0000061E-3,
,,,3.56000018,72.000004351E-3,
,,,3.56200027,0.0,
,,,3.56400013,-64.000003040E-3,
,,,3.56600022,-88.000006974E-3,
,,,3.56800008,-32.00000152E-3,
,,,3.57000017,56.000001729E-3,
,,,3.57200027,104.0000021E-3,
,,,3.57400012,144.0000087E-3,
,,,3.57600021,104.0000021E-3,
,,,3.57800007,32.00000152E-3,
,,,3.58000016,-56.000001729E-3,
,,,3.58200026,-96.000000834E-3,
,,,3.58400011,-56.000001729E-3,
,,,3.58600020,8.000000380E-3,
,,,3.58800006,96.000000834E-3,
,,,3.59000015,112.0000035E-3,
,,,3.59200025,104.0000021E-3,
,,,3.59400010,40.00000283E-3,
,,,3.59600019,-40.00000283E-3,
,,,3.59800029,-112.0000035E-3,
,,,3.60000014,-104.0000021E-3,
,,,3.60200024,-24.00000021E-3,
,,,3.60400009,48.00000042E-3,
,,,3.60600019,120.0000048E-3,
,,,3.60800028,112.0000035E-3,
,,,3.61000013,64.000003040E-3,
,,,3.61200023,-24.00000021E-3,
,,,3.61400008,-96.000000834E-3,
,,,3.61600018,-112.0000035E-3,
,,,3.61800027,-64.000003040E-3,
,,,3.62000012,16.0000008E-3,
,,,3.62200022,96.000000834E-3,
,,,3.62400007,112.0000035E-3,
,,,3.62600017,72.000004351E-3,
,,,3.62800026,8.000000380E-3,
,,,3.63000011,-72.000004351E-3,
,,,3.63200021,-104.0000021E-3,
,,,3.63400006,-80.000005662E-3,
,,,3.63600016,-16.0000008E-3,
,,,3.63800025,80.000005662E-3,
,,,3.64000010,112.0000035E-3,
,,,3.64200020,104.0000021E-3,
,,,3.64400029,32.00000152E-3,
,,,3.64600015,-32.00000152E-3,
,,,3.64800024,-96.000000834E-3,
,,,3.65000010,-96.000000834E-3,
,,,3.65200019,-24.00000021E-3,
,,,3.65400028,40.00000283E-3,
,,,3.65600014,104.0000021E-3,
,,,3.65800023,112.0000035E-3,
,,,3.66000009,64.000003040E-3,
,,,3.66200018,-8.000000380E-3,
,,,3.66400027,-96.000000834E-3,
,,,3.66600013,-96.000000834E-3,
,,,3.66800022,-48.00000042E-3,
,,,3.67000008,24.00000021E-3,
,,,3.67200017,96.000000834E-3,
,,,3.67400026,112.0000035E-3,
,,,3.67600012,96.000000834E-3,
,,,3.67800021,16.0000008E-3,
,,,3.68000007,-72.000004351E-3,
,,,3.68200016,-104.0000021E-3,
,,,3.68400025,-72.000004351E-3,
,,,3.68600011,0.0,
,,,3.68800020,88.000006974E-3,
,,,3.69000006,136.0000074E-3,
,,,3.69200015,112.0000035E-3,
,,,3.69400024,48.00000042E-3,
,,,3.69600010,-32.00000152E-3,
,,,3.69800019,-96.000000834E-3,
,,,3.70000029,-88.000006974E-3,
,,,3.70200014,-32.00000152E-3,
,,,3.70400023,48.00000042E-3,
,,,3.70600009,120.0000048E-3,
,,,3.70800018,120.0000048E-3,
,,,3.71000028,64.000003040E-3,
,,,3.71200013,-8.000000380E-3,
,,,3.71400023,-80.000005662E-3,
,,,3.71600008,-88.000006974E-3,
,,,3.71800017,-48.00000042E-3,
,,,3.72000027,40.00000283E-3,
,,,3.72200012,112.0000035E-3,
,,,3.72400022,128.0000061E-3,
,,,3.72600007,96.000000834E-3,
,,,3.72800016,8.000000380E-3,
,,,3.73000026,-72.000004351E-3,
,,,3.73200011,-96.000000834E-3,
,,,3.73400021,-80.000005662E-3,
,,,3.73600006,8.000000380E-3,
,,,3.73800015,88.000006974E-3,
,,,3.74000025,128.0000061E-3,
,,,3.74200010,120.0000048E-3,
,,,3.74400020,32.00000152E-3,
,,,3.74600029,-48.00000042E-3,
,,,3.74800014,-104.0000021E-3,
,,,3.75000024,-96.000000834E-3,
,,,3.75200009,-24.00000021E-3,
,,,3.75400019,56.000001729E-3,
,,,3.75600028,112.0000035E-3,
,,,3.75800014,112.0000035E-3,
,,,3.76000023,48.00000042E-3,
,,,3.76200008,-32.00000152E-3,
,,,3.76400018,-120.0000048E-3,
,,,3.76600027,-112.0000035E-3,
,,,3.76800013,-64.000003040E-3,
,,,3.77000022,16.0000008E-3,
,,,3.77200007,88.000006974E-3,
,,,3.77400017,104.0000021E-3,
,,,3.77600026,48.00000042E-3,
,,,3.77800012,-24.00000021E-3,
,,,3.78000021,-104.0000021E-3,
,,,3.78200006,-144.0000087E-3,
,,,3.78400016,-104.0000021E-3,
,,,3.78600025,-16.0000008E-3,
,,,3.78800011,48.00000042E-3,
,,,3.79000020,88.000006974E-3,
,,,3.79200029,88.000006974E-3,
,,,3.79400015,-8.000000380E-3,
,,,3.79600024,-80.000005662E-3,
,,,3.79800010,-160.00001132E-3,
,,,3.80000019,-136.0000074E-3,
,,,3.80200028,-48.00000042E-3,
,,,3.80400014,32.00000152E-3,
,,,3.80600023,96.000000834E-3,
,,,3.80800009,88.000006974E-3,
,,,3.81000018,32.00000152E-3,
,,,3.81200027,-48.00000042E-3,
,,,3.81400013,-136.0000074E-3,
,,,3.81600022,-120.0000048E-3,
,,,3.81800008,-80.000005662E-3,
,,,3.82000017,8.000000380E-3,
,,,3.82200027,80.000005662E-3,
,,,3.82400012,112.0000035E-3,
,,,3.82600021,56.000001729E-3,
,,,3.82800007,-24.00000021E-3,
,,,3.83000016,-104.0000021E-3,
,,,3.83200026,-128.0000061E-3,
,,,3.83400011,-104.0000021E-3,
,,,3.83600020,-16.0000008E-3,
,,,3.83800030,48.00000042E-3,
,,,3.84000015,104.0000021E-3,
,,,3.84200025,104.0000021E-3,
,,,3.84400010,16.0000008E-3,
,,,3.84600019,-80.000005662E-3,
,,,3.84800029,-136.0000074E-3,
,,,3.85000014,-120.0000048E-3,
,,,3.85200024,-48.00000042E-3,
,,,3.85400009,32.00000152E-3,
,,,3.85600019,104.0000021E-3,
,,,3.85800028,112.0000035E-3,
,,,3.86000013,40.00000283E-3,
,,,3.86200023,-40.00000283E-3,
,,,3.86400008,-120.0000048E-3,
,,,3.86600018,-128.0000061E-3,
,,,3.86800027,-72.000004351E-3,
,,,3.87000012,24.00000021E-3,
,,,3.87200022,88.000006974E-3,
,,,3.87400007,120.0000048E-3,
,,,3.87600017,56.000001729E-3,
,,,3.87800026,-8.000000380E-3,
,,,3.88000011,-96.000000834E-3,
,,,3.88200021,-112.0000035E-3,
,,,3.88400030,-96.000000834E-3,
,,,3.88600016,-16.0000008E-3,
,,,3.88800025,72.000004351E-3,
,,,3.89000010,112.0000035E-3,
,,,3.89200020,104.0000021E-3,
,,,3.89400029,32.00000152E-3,
,,,3.89600015,-56.000001729E-3,
,,,3.89800024,-120.0000048E-3,
,,,3.90000010,-120.0000048E-3,
,,,3.90200019,-48.00000042E-3,
,,,3.90400028,40.00000283E-3,
,,,3.90600014,104.0000021E-3,
,,,3.90800023,96.000000834E-3,
,,,3.91000009,40.00000283E-3,
,,,3.91200018,-40.00000283E-3,
,,,3.91400027,-112.0000035E-3,
,,,3.91600013,-128.0000061E-3,
,,,3.91800022,-80.000005662E-3,
,,,3.92000008,0.0,
,,,3.92200017,80.000005662E-3,
,,,3.92400026,104.0000021E-3,
,,,3.92600012,48.00000042E-3,
,,,3.92800021,-24.00000021E-3,
,,,3.93000031,-96.000000834E-3,
,,,3.93200016,-120.0000048E-3,
,,,3.93400025,-96.000000834E-3,
,,,3.93600011,-16.0000008E-3,
,,,3.93800020,56.000001729E-3,
,,,3.94000030,104.0000021E-3,
,,,3.94200015,96.000000834E-3,
,,,3.94400024,16.0000008E-3,
,,,3.94600010,-80.000005662E-3,
,,,3.94800019,-128.0000061E-3,
,,,3.95000029,-104.0000021E-3,
,,,3.95200014,-40.00000283E-3,
,,,3.95400023,48.00000042E-3,
,,,3.95600009,104.0000021E-3,
,,,3.95800018,112.0000035E-3,
,,,3.96000028,48.00000042E-3,
,,,3.96200013,-32.00000152E-3,
,,,3.96400023,-112.0000035E-3,
,,,3.96600008,-128.0000061E-3,
,,,3.96800017,-56.000001729E-3,
,,,3.97000027,16.0000008E-3,
,,,3.97200012,96.000000834E-3,
,,,3.97400022,112.0000035E-3,
,,,3.97600007,72.000004351E-3,
,,,3.97800016,0.0,
,,,3.98000026,-96.000000834E-3,
,,,3.98200011,-112.0000035E-3,
,,,3.98400021,-88.000006974E-3,
,,,3.98600030,-24.00000021E-3,
,,,3.98800015,72.000004351E-3,
,,,3.99000025,120.0000048E-3,
,,,3.99200010,88.000006974E-3,
,,,3.99400020,16.0000008E-3,
,,,3.99600029,-64.000003040E-3,
,,,3.99800014,-120.0000048E-3,
,,,4.00000000,-112.0000035E-3,
,,,4.00200033,-32.00000152E-3,
,,,4.00400019,40.00000283E-3,
,,,4.00600004,104.0000021E-3,
,,,4.00800037,112.0000035E-3,
,,,4.01000023,48.00000042E-3,
,,,4.01200008,-32.00000152E-3,
,,,4.01400042,-104.0000021E-3,
,,,4.01600027,-112.0000035E-3,
,,,4.01800013,-64.000003040E-3,
,,,4.01999998,0.0,
,,,4.02200031,96.000000834E-3,
,,,4.02400017,112.0000035E-3,
,,,4.02600002,64.000003040E-3,
,,,4.02800035,0.0,
,,,4.03000021,-72.000004351E-3,
,,,4.03200006,-112.0000035E-3,
,,,4.03400040,-88.000006974E-3,
,,,4.03600025,-16.0000008E-3,
,,,4.03800011,64.000003040E-3,
,,,4.03999996,120.0000048E-3,
,,,4.04200029,88.000006974E-3,
,,,4.04400015,32.00000152E-3,
,,,4.04600000,-64.000003040E-3,
,,,4.04800034,-112.0000035E-3,
,,,4.05000019,-112.0000035E-3,
,,,4.05200005,-32.00000152E-3,
,,,4.05400038,48.00000042E-3,
,,,4.05600023,96.000000834E-3,
,,,4.05800009,104.0000021E-3,
,,,4.06000042,56.000001729E-3,
,,,4.06200027,-32.00000152E-3,
,,,4.06400013,-112.0000035E-3,
,,,4.06599998,-112.0000035E-3,
,,,4.06800032,-80.000005662E-3,
,,,4.07000017,16.0000008E-3,
,,,4.07200003,96.000000834E-3,
,,,4.07400036,104.0000021E-3,
,,,4.07600021,56.000001729E-3,
,,,4.07800007,-8.000000380E-3,
,,,4.08000040,-88.000006974E-3,
,,,4.08200026,-112.0000035E-3,
,,,4.08400011,-112.0000035E-3,
,,,4.08599997,-16.0000008E-3,
,,,4.08800030,64.000003040E-3,
,,,4.09000015,96.000000834E-3,
,,,4.09200001,96.000000834E-3,
,,,4.09400034,32.00000152E-3,
,,,4.09600019,-64.000003040E-3,
,,,4.09800005,-104.0000021E-3,
,,,4.10000038,-88.000006974E-3,
,,,4.10200024,-56.000001729E-3,
,,,4.10400009,40.00000283E-3,
,,,4.10600042,88.000006974E-3,
,,,4.10800028,88.000006974E-3,
,,,4.11000013,48.00000042E-3,
,,,4.11199999,-40.00000283E-3,
,,,4.11400032,-112.0000035E-3,
,,,4.11600018,-112.0000035E-3,
,,,4.11800003,-56.000001729E-3,
,,,4.12000036,0.0,
,,,4.12200022,80.000005662E-3,
,,,4.12400007,104.0000021E-3,
,,,4.12600040,80.000005662E-3,
,,,4.12800026,-8.000000380E-3,
,,,4.13000011,-88.000006974E-3,
,,,4.13199997,-112.0000035E-3,
,,,4.13400030,-96.000000834E-3,
,,,4.13600016,-24.00000021E-3,
,,,4.13800001,64.000003040E-3,
,,,4.14000034,96.000000834E-3,
,,,4.14200020,96.000000834E-3,
,,,4.14400005,8.000000380E-3,
,,,4.14600039,-64.000003040E-3,
,,,4.14800024,-112.0000035E-3,
,,,4.15000010,-104.0000021E-3,
,,,4.15200043,-40.00000283E-3,
,,,4.15400028,48.00000042E-3,
,,,4.15600014,104.0000021E-3,
,,,4.15799999,104.0000021E-3,
,,,4.16000032,32.00000152E-3,
,,,4.16200018,-24.00000021E-3,
,,,4.16400003,-104.0000021E-3,
,,,4.16600037,-112.0000035E-3,
,,,4.16800022,-56.000001729E-3,
,,,4.17000008,24.00000021E-3,
,,,4.17200041,96.000000834E-3,
,,,4.17400026,112.0000035E-3,
,,,4.17600012,88.000006974E-3,
,,,4.17799997,-8.000000380E-3,
,,,4.18000031,-88.000006974E-3,
,,,4.18200016,-104.0000021E-3,
,,,4.18400002,-80.000005662E-3,
,,,4.18600035,0.0,
,,,4.18800020,80.000005662E-3,
,,,4.19000006,120.0000048E-3,
,,,4.19200039,96.000000834E-3,
,,,4.19400024,16.0000008E-3,
,,,4.19600010,-64.000003040E-3,
,,,4.19800043,-104.0000021E-3,
,,,4.20000029,-96.000000834E-3,
,,,4.20200014,-16.0000008E-3,
,,,4.20400000,56.000001729E-3,
,,,4.20600033,120.0000048E-3,
,,,4.20800018,112.0000035E-3,
,,,4.21000004,64.000003040E-3,
,,,4.21200037,-32.00000152E-3,
,,,4.21400023,-112.0000035E-3,
,,,4.21600008,-104.0000021E-3,
,,,4.21800041,-40.00000283E-3,
,,,4.22000027,56.000001729E-3,
,,,4.22200012,136.0000074E-3,
,,,4.22399998,128.0000061E-3,
,,,4.22600031,88.000006974E-3,
,,,4.22800016,-24.00000021E-3,
,,,4.23000002,-104.0000021E-3,
,,,4.23200035,-96.000000834E-3,
,,,4.23400021,-64.000003040E-3,
,,,4.23600006,8.000000380E-3,
,,,4.23800039,120.0000048E-3,
,,,4.24000025,128.0000061E-3,
,,,4.24200010,112.0000035E-3,
,,,4.24400043,16.0000008E-3,
,,,4.24600029,-88.000006974E-3,
,,,4.24800014,-120.0000048E-3,
,,,4.25000000,-112.0000035E-3,
,,,4.25200033,-16.0000008E-3,
,,,4.25400019,80.000005662E-3,
,,,4.25600004,136.0000074E-3,
,,,4.25800037,112.0000035E-3,
,,,4.26000023,24.00000021E-3,
,,,4.26200008,-64.000003040E-3,
,,,4.26400042,-144.0000087E-3,
,,,4.26600027,-136.0000074E-3,
,,,4.26800013,-56.000001729E-3,
,,,4.26999998,32.00000152E-3,
,,,4.27200031,112.0000035E-3,
,,,4.27400017,112.0000035E-3,
,,,4.27600002,48.00000042E-3,
,,,4.27800035,-48.00000042E-3,
,,,4.28000021,-128.0000061E-3,
,,,4.28200006,-128.0000061E-3,
,,,4.28400040,-96.000000834E-3,
,,,4.28600025,16.0000008E-3,
,,,4.28800011,96.000000834E-3,
,,,4.29000044,128.0000061E-3,
,,,4.29200029,72.000004351E-3,
,,,4.29400015,-16.0000008E-3,
,,,4.29600000,-112.0000035E-3,
,,,4.29800034,-152.00001001E-3,
,,,4.30000019,-120.0000048E-3,
,,,4.30200005,0.0,
,,,4.30400038,72.000004351E-3,
,,,4.30600023,120.0000048E-3,
,,,4.30800009,104.0000021E-3,
,,,4.31000042,24.00000021E-3,
,,,4.31200027,-72.000004351E-3,
,,,4.31400013,-144.0000087E-3,
,,,4.31599998,-128.0000061E-3,
,,,4.31800032,-48.00000042E-3,
,,,4.32000017,48.00000042E-3,
,,,4.32200003,112.0000035E-3,
,,,4.32400036,112.0000035E-3,
,,,4.32600021,56.000001729E-3,
,,,4.32800007,-40.00000283E-3,
,,,4.33000040,-120.0000048E-3,
,,,4.33200026,-136.0000074E-3,
,,,4.33400011,-80.000005662E-3,
,,,4.33600044,16.0000008E-3,
,,,4.33800030,112.0000035E-3,
,,,4.34000015,128.0000061E-3,
,,,4.34200001,104.0000021E-3,
,,,4.34400034,16.0000008E-3,
,,,4.34600019,-56.000001729E-3,
,,,4.34800005,-104.0000021E-3,
,,,4.35000038,-56.000001729E-3,
,,,4.35200024,40.00000283E-3,
,,,4.35400009,152.00001001E-3,
,,,4.35600042,216.00000560E-3,
,,,4.35800028,216.00000560E-3,
,,,4.36000013,112.0000035E-3,
,,,4.36199999,56.000001729E-3,
,,,4.36400032,-8.000000380E-3,
,,,4.36600018,-8.000000380E-3,
,,,4.36800003,40.00000283E-3,
,,,4.37000036,88.000006974E-3,
,,,4.37200022,88.000006974E-3,
,,,4.37400007,48.00000042E-3,
,,,4.37600040,-24.00000021E-3,
,,,4.37800026,-120.0000048E-3,
,,,4.38000011,-208.00000429E-3,
,,,4.38200045,-224.00000691E-3,
,,,4.38400030,-152.00001001E-3,
,,,4.38600016,-72.000004351E-3,
,,,4.38800001,8.000000380E-3,
,,,4.39000034,40.00000283E-3,
,,,4.39200020,32.00000152E-3,
,,,4.39400005,-48.00000042E-3,
,,,4.39600039,-128.0000061E-3,
,,,4.39800024,-160.00001132E-3,
,,,4.40000010,-120.0000048E-3,
,,,4.40200043,-24.00000021E-3,
,,,4.40400028,80.000005662E-3,
,,,4.40600014,128.0000061E-3,
,,,4.40799999,120.0000048E-3,
,,,4.41000032,48.00000042E-3,
,,,4.41200018,-40.00000283E-3,
,,,4.41400003,-96.000000834E-3,
,,,4.41600037,-88.000006974E-3,
,,,4.41800022,-8.000000380E-3,
,,,4.42000008,64.000003040E-3,
,,,4.42200041,144.0000087E-3,
,,,4.42400026,144.0000087E-3,
,,,4.42600012,96.000000834E-3,
,,,4.42799997,16.0000008E-3,
,,,4.43000031,-72.000004351E-3,
,,,4.43200016,-80.000005662E-3,
,,,4.43400002,-40.00000283E-3,
,,,4.43600035,32.00000152E-3,
,,,4.43800020,112.0000035E-3,
,,,4.44000006,144.0000087E-3,
,,,4.44200039,104.0000021E-3,
,,,4.44400024,32.00000152E-3,
,,,4.44600010,-40.00000283E-3,
,,,4.44800043,-96.000000834E-3,
,,,4.45000029,-72.000004351E-3,
,,,4.45200014,8.000000380E-3,
,,,4.45400000,80.000005662E-3,
,,,4.45600033,128.0000061E-3,
,,,4.45800018,128.0000061E-3,
,,,4.46000004,64.000003040E-3,
,,,4.46200037,-24.00000021E-3,
,,,4.46400023,-96.000000834E-3,
,,,4.46600008,-80.000005662E-3,
,,,4.46800041,-24.00000021E-3,
,,,4.47000027,48.00000042E-3,
,,,4.47200012,120.0000048E-3,
,,,4.47399998,128.0000061E-3,
,,,4.47600031,96.000000834E-3,
,,,4.47800016,0.0,
,,,4.48000002,-88.000006974E-3,
,,,4.48200035,-96.000000834E-3,
,,,4.48400021,-56.000001729E-3,
,,,4.48600006,32.00000152E-3,
,,,4.48800039,104.0000021E-3,
,,,4.49000025,144.0000087E-3,
,,,4.49200010,112.0000035E-3,
,,,4.49400043,24.00000021E-3,
,,,4.49600029,-48.00000042E-3,
,,,4.49800014,-96.000000834E-3,
,,,4.50000000,-72.000004351E-3,
,,,4.50200033,0.0,
,,,4.50400019,80.000005662E-3,
,,,4.50600004,152.00001001E-3,
,,,4.50800037,136.0000074E-3,
,,,4.51000023,64.000003040E-3,
,,,4.51200008,-24.00000021E-3,
,,,4.51400042,-104.0000021E-3,
,,,4.51600027,-88.000006974E-3,
,,,4.51800013,-40.00000283E-3,
,,,4.51999998,48.00000042E-3,
,,,4.52200031,128.0000061E-3,
,,,4.52400017,144.0000087E-3,
,,,4.52600002,96.000000834E-3,
,,,4.52800035,8.000000380E-3,
,,,4.53000021,-88.000006974E-3,
,,,4.53200006,-104.0000021E-3,
,,,4.53400040,-56.000001729E-3,
,,,4.53600025,24.00000021E-3,
,,,4.53800011,112.0000035E-3,
,,,4.54000044,136.0000074E-3,
,,,4.54200029,128.0000061E-3,
,,,4.54400015,32.00000152E-3,
,,,4.54600000,-48.00000042E-3,
,,,4.54800034,-104.0000021E-3,
,,,4.55000019,-80.000005662E-3,
,,,4.55200005,16.0000008E-3,
,,,4.55400038,88.000006974E-3,
,,,4.55600023,144.0000087E-3,
,,,4.55800009,144.0000087E-3,
,,,4.56000042,56.000001729E-3,
,,,4.56200027,-32.00000152E-3,
,,,4.56400013,-120.0000048E-3,
,,,4.56599998,-96.000000834E-3,
,,,4.56800032,-40.00000283E-3,
,,,4.57000017,48.00000042E-3,
,,,4.57200003,136.0000074E-3,
,,,4.57400036,144.0000087E-3,
,,,4.57600021,88.000006974E-3,
,,,4.57800007,-16.0000008E-3,
,,,4.58000040,-96.000000834E-3,
,,,4.58200026,-112.0000035E-3,
,,,4.58400011,-72.000004351E-3,
,,,4.58600044,24.00000021E-3,
,,,4.58800030,112.0000035E-3,
,,,4.59000015,144.0000087E-3,
,,,4.59200001,128.0000061E-3,
,,,4.59400034,16.0000008E-3,
,,,4.59600019,-72.000004351E-3,
,,,4.59800005,-128.0000061E-3,
,,,4.60000038,-112.0000035E-3,
,,,4.60200024,-32.00000152E-3,
,,,4.60400009,64.000003040E-3,
,,,4.60600042,128.0000061E-3,
,,,4.60800028,120.0000048E-3,
,,,4.61000013,32.00000152E-3,
,,,4.61199999,-56.000001729E-3,
,,,4.61400032,-120.0000048E-3,
,,,4.61600018,-128.0000061E-3,
,,,4.61800003,-56.000001729E-3,
,,,4.62000036,32.00000152E-3,
,,,4.62200022,112.0000035E-3,
,,,4.62400007,128.0000061E-3,
,,,4.62600040,72.000004351E-3,
,,,4.62800026,-32.00000152E-3,
,,,4.63000011,-144.0000087E-3,
,,,4.63200045,-152.00001001E-3,
,,,4.63400030,-104.0000021E-3,
,,,4.63600016,-16.0000008E-3,
,,,4.63800001,88.000006974E-3,
,,,4.64000034,128.0000061E-3,
,,,4.64200020,96.000000834E-3,
,,,4.64400005,-8.000000380E-3,
,,,4.64600039,-104.0000021E-3,
,,,4.64800024,-152.00001001E-3,
,,,4.65000010,-136.0000074E-3,
,,,4.65200043,-32.00000152E-3,
,,,4.65400028,72.000004351E-3,
,,,4.65600014,136.0000074E-3,
,,,4.65799999,120.0000048E-3,
,,,4.66000032,24.00000021E-3,
,,,4.66200018,-80.000005662E-3,
,,,4.66400003,-160.00001132E-3,
,,,4.66600037,-152.00001001E-3,
,,,4.66800022,-72.000004351E-3,
,,,4.67000008,40.00000283E-3,
,,,4.67200041,128.0000061E-3,
,,,4.67400026,128.0000061E-3,
,,,4.67600012,56.000001729E-3,
,,,4.67800045,-48.00000042E-3,
,,,4.68000031,-144.0000087E-3,
,,,4.68200016,-160.00001132E-3,
,,,4.68400002,-112.0000035E-3,
,,,4.68600035,8.000000380E-3,
,,,4.68800020,80.000005662E-3,
,,,4.69000006,128.0000061E-3,
,,,4.69200039,96.000000834E-3,
,,,4.69400024,0.0,
,,,4.69600010,-96.000000834E-3,
,,,4.69800043,-144.0000087E-3,
,,,4.70000029,-144.0000087E-3,
,,,4.70200014,-24.00000021E-3,
,,,4.70400000,40.00000283E-3,
,,,4.70600033,112.0000035E-3,
,,,4.70800018,112.0000035E-3,
,,,4.71000004,48.00000042E-3,
,,,4.71200037,-40.00000283E-3,
,,,4.71400023,-120.0000048E-3,
,,,4.71600008,-120.0000048E-3,
,,,4.71800041,-64.000003040E-3,
,,,4.72000027,24.00000021E-3,
,,,4.72200012,104.0000021E-3,
,,,4.72400045,120.0000048E-3,
,,,4.72600031,72.000004351E-3,
,,,4.72800016,0.0,
,,,4.73000002,-80.000005662E-3,
,,,4.73200035,-128.0000061E-3,
,,,4.73400021,-80.000005662E-3,
,,,4.73600006,-16.0000008E-3,
,,,4.73800039,88.000006974E-3,
,,,4.74000025,128.0000061E-3,
,,,4.74200010,112.0000035E-3,
,,,4.74400043,24.00000021E-3,
,,,4.74600029,-64.000003040E-3,
,,,4.74800014,-136.0000074E-3,
,,,4.75000000,-1.0240000,
,,,4.75200033,-1.0240000,
,,,4.75400019,-1.0240000,
,,,4.75600004,-1.0240000,
,,,4.75800037,-1.0240000,
,,,4.76000023,-1.0240000,
,,,4.76200008,-1.0240000,
,,,4.76400042,-1.0240000,
,,,4.76600027,-1.0240000,
,,,4.76800013,-1.0240000,
,,,4.77000046,-1.0240000,
,,,4.77200031,-1.0240000,
,,,4.77400017,-1.0240000,
,,,4.77600002,-1.0240000,
,,,4.77800035,-1.0240000,
,,,4.78000021,-1.0240000,
,,,4.78200006,-1.0240000,
,,,4.78400040,-1.0240000,
,,,4.78600025,-1.0240000,
,,,4.78800011,-1.0240000,
,,,4.79000044,-1.0240000,
,,,4.79200029,-1.0240000,
,,,4.79400015,-1.0240000,
,,,4.79600000,-1.0240000,
,,,4.79800034,-1.0240000,
,,,4.80000019,-1.0240000,
,,,4.80200005,-1.0240000,
,,,4.80400038,-1.0240000,
,,,4.80600023,-1.0240000,
,,,4.80800009,-1.0240000,
,,,4.81000042,-1.0240000,
,,,4.81200027,-1.0240000,
,,,4.81400013,-1.0240000,
,,,4.81600046,-1.0240000,
,,,4.81800032,-1.0240000,
,,,4.82000017,-1.0240000,
,,,4.82200003,-1.0240000,
,,,4.82400036,-1.0240000,
,,,4.82600021,-1.0240000,
,,,4.82800007,-1.0240000,
,,,4.83000040,-1.0240000,
,,,4.83200026,-1.0240000,
,,,4.83400011,-1.0240000,
,,,4.83600044,-1.0240000,
,,,4.83800030,-1.0240000,
,,,4.84000015,-1.0240000,
,,,4.84200001,-1.0240000,
,,,4.84400034,-1.0240000,
,,,4.84600019,-1.0240000,
,,,4.84800005,-1.0240000,
,,,4.85000038,-1.0240000,
,,,4.85200024,-1.0240000,
,,,4.85400009,-1.0240000,
,,,4.85600042,-1.0240000,
,,,4.85800028,-1.0240000,
,,,4.86000013,-1.0240000,
,,,4.86200047,-1.0240000,
,,,4.86400032,-1.0240000,
,,,4.86600018,-1.0240000,
,,,4.86800003,-1.0240000,
,,,4.87000036,-1.0240000,
,,,4.87200022,-1.0240000,
,,,4.87400007,-1.0240000,
,,,4.87600040,-1.0240000,
,,,4.87800026,-1.0240000,
,,,4.88000011,-1.0240000,
,,,4.88200045,-1.0240000,
,,,4.88400030,-1.0240000,
,,,4.88600016,-1.0240000,
,,,4.88800001,-1.0240000,
,,,4.89000034,-1.0240000,
,,,4.89200020,-1.0240000,
,,,4.89400005,-1.0240000,
,,,4.89600039,-1.0240000,
,,,4.89800024,-1.0240000,
,,,4.90000010,-1.0240000,
,,,4.90200043,-1.0240000,
,,,4.90400028,-1.0240000,
,,,4.90600014,-1.0240000,
,,,4.90800047,-1.0240000,
,,,4.91000032,-1.0240000,
,,,4.91200018,-1.0240000,
,,,4.91400003,-1.0240000,
,,,4.91600037,-1.0240000,
,,,4.91800022,-1.0240000,
,,,4.92000008,-1.0240000,
,,,4.92200041,-1.0240000,
,,,4.92400026,-1.0240000,
,,,4.92600012,-1.0240000,
,,,4.92800045,-1.0240000,
,,,4.93000031,-1.0240000,
,,,4.93200016,-1.0240000,
,,,4.93400002,-1.0240000,
,,,4.93600035,-1.0240000,
,,,4.93800020,-1.0240000,
,,,4.94000006,-1.0240000,
,,,4.94200039,-1.0240000,
,,,4.94400024,-1.0240000,
,,,4.94600010,-1.0240000,
,,,4.94800043,-1.0240000,
,,,4.95000029,-1.0240000,
,,,4.95200014,-1.0240000,
,,,4.95400047,-1.0240000,
,,,4.95600033,-1.0240000,
,,,4.95800018,-1.0240000,
,,,4.96000004,-1.0240000,
,,,4.96200037,-1.0240000,
,,,4.96400023,-1.0240000,
,,,4.96600008,-1.0240000,
,,,4.96800041,-1.0240000,
,,,4.97000027,-1.0240000,
,,,4.97200012,-1.0240000,
,,,4.97400045,-1.0240000,
,,,4.97600031,-1.0240000,
,,,4.97800016,-1.0240000,
,,,4.98000002,-1.0240000,
,,,4.98200035,-1.0240000,
,,,4.98400021,-1.0240000,
,,,4.98600006,-1.0240000,
,,,4.98800039,-1.0240000,
,,,4.99000025,-1.0240000,
,,,4.99200010,-1.0240000,
,,,4.99400043,-1.0240000,
,,,4.99600029,-1.0240000,
,,,4.99800014,-1.0240000,
